[2026-01-01T02:16:35.657Z] [INFO] Scalping bot initialized
[2026-01-01T02:16:36.443Z] [ERROR] WebSocket error: "Unexpected server response: 401"
[2026-01-01T02:16:36.444Z] [WARN] Disconnected from Deriv API
[2026-01-01T02:16:36.445Z] [INFO] Attempting to reconnect in 5000ms...
[2026-01-01T02:16:36.446Z] [ERROR] Failed to start bot: "Unexpected server response: 401"
[2026-01-01 02:23:40] [INFO] 🔌 Connecting to Deriv API...
[2026-01-01 02:23:42] [SUCCESS] Connected to Deriv WebSocket
[2026-01-01 02:23:42] [INFO] 🔐 Authorizing...
[2026-01-01 02:23:42] [SUCCESS] Authorization successful
[2026-01-01 02:23:42] [INFO] Subscribed to balance updates
[2026-01-01 02:23:42] [INFO] 📈 Subscribing to R_75 candles...
[2026-01-01 02:23:43] [SUCCESS] Loaded 60 historical candles
[2026-01-01 02:23:43] [SUCCESS] Subscribed to live candles
[2026-01-01 02:23:43] [SUCCESS] 🚀 Trading bot started successfully!
[2026-01-01 02:23:44] [INFO] 📊 New Candle: O:42437.72 H:42572.94 L:42408.04 C:42572.94
[2026-01-01 02:23:46] [INFO] 📊 New Candle: O:42437.72 H:42582.26 L:42408.04 C:42582.26
[2026-01-01 02:23:48] [INFO] 📊 New Candle: O:42437.72 H:42590.67 L:42408.04 C:42590.67
[2026-01-01 02:23:50] [INFO] 📊 New Candle: O:42437.72 H:42590.67 L:42408.04 C:42587.25
[2026-01-01 02:23:52] [INFO] 📊 New Candle: O:42437.72 H:42590.67 L:42408.04 C:42578.18
[2026-01-01 02:23:54] [INFO] 📊 New Candle: O:42437.72 H:42590.67 L:42408.04 C:42579.14
[2026-01-01 02:23:56] [INFO] 📊 New Candle: O:42437.72 H:42590.67 L:42408.04 C:42583.88
[2026-01-01 02:23:58] [INFO] 📊 New Candle: O:42437.72 H:42590.67 L:42408.04 C:42573.82
[2026-01-01 02:24:00] [INFO] 📊 New Candle: O:42437.72 H:42590.67 L:42408.04 C:42577.86
[2026-01-01 02:24:02] [INFO] 📊 New Candle: O:42437.72 H:42592.12 L:42408.04 C:42592.12
[2026-01-01 02:24:04] [INFO] 📊 New Candle: O:42437.72 H:42592.12 L:42408.04 C:42590.03
[2026-01-01 02:24:06] [INFO] 📊 New Candle: O:42437.72 H:42592.12 L:42408.04 C:42581.87
[2026-01-01 02:24:08] [INFO] 📊 New Candle: O:42437.72 H:42592.12 L:42408.04 C:42580.97
[2026-01-01 02:24:10] [INFO] 📊 New Candle: O:42437.72 H:42599.92 L:42408.04 C:42599.92
[2026-01-01 02:24:12] [INFO] 📊 New Candle: O:42437.72 H:42599.92 L:42408.04 C:42589.53
[2026-01-01 02:24:14] [INFO] 📊 New Candle: O:42437.72 H:42599.92 L:42408.04 C:42576.18
[2026-01-01 02:24:16] [INFO] 📊 New Candle: O:42437.72 H:42599.92 L:42408.04 C:42565.89
[2026-01-01 02:24:18] [INFO] 📊 New Candle: O:42437.72 H:42599.92 L:42408.04 C:42559.43
[2026-01-01 02:24:20] [INFO] 📊 New Candle: O:42437.72 H:42599.92 L:42408.04 C:42545.44
[2026-01-01 02:24:22] [INFO] 📊 New Candle: O:42437.72 H:42599.92 L:42408.04 C:42531.84
[2026-01-01 02:24:24] [INFO] 📊 New Candle: O:42437.72 H:42599.92 L:42408.04 C:42539.44
[2026-01-01 02:24:26] [INFO] 📊 New Candle: O:42437.72 H:42599.92 L:42408.04 C:42532.89
[2026-01-01 02:24:28] [INFO] 📊 New Candle: O:42437.72 H:42599.92 L:42408.04 C:42542.24
[2026-01-01 02:24:30] [INFO] 📊 New Candle: O:42437.72 H:42599.92 L:42408.04 C:42559.06
[2026-01-01 02:24:32] [INFO] 📊 New Candle: O:42437.72 H:42599.92 L:42408.04 C:42561.78
[2026-01-01 02:24:34] [INFO] 📊 New Candle: O:42437.72 H:42599.92 L:42408.04 C:42562.80
[2026-01-01 02:24:36] [INFO] 📊 New Candle: O:42437.72 H:42599.92 L:42408.04 C:42559.71
[2026-01-01 02:24:38] [INFO] 📊 New Candle: O:42437.72 H:42599.92 L:42408.04 C:42556.94
[2026-01-01 02:24:40] [INFO] 📊 New Candle: O:42437.72 H:42599.92 L:42408.04 C:42560.78
[2026-01-01 02:24:42] [INFO] 📊 New Candle: O:42437.72 H:42599.92 L:42408.04 C:42566.78
[2026-01-01 02:24:44] [INFO] 📊 New Candle: O:42437.72 H:42599.92 L:42408.04 C:42556.42
[2026-01-01 02:24:46] [INFO] 📊 New Candle: O:42437.72 H:42599.92 L:42408.04 C:42546.45
[2026-01-01 02:24:48] [INFO] 📊 New Candle: O:42437.72 H:42599.92 L:42408.04 C:42548.67
[2026-01-01 02:24:50] [INFO] 📊 New Candle: O:42437.72 H:42599.92 L:42408.04 C:42547.43
[2026-01-01 02:24:52] [INFO] 📊 New Candle: O:42437.72 H:42599.92 L:42408.04 C:42535.13
[2026-01-01 02:24:54] [INFO] 📊 New Candle: O:42437.72 H:42599.92 L:42408.04 C:42536.21
[2026-01-01 02:24:56] [INFO] 📊 New Candle: O:42437.72 H:42599.92 L:42408.04 C:42535.52
[2026-01-01 02:24:58] [INFO] 📊 New Candle: O:42437.72 H:42599.92 L:42408.04 C:42536.32
[2026-01-01 02:25:00] [INFO] 📊 New Candle: O:42536.65 H:42536.65 L:42536.65 C:42536.65
[2026-01-01 02:25:02] [INFO] 📊 New Candle: O:42536.65 H:42549.24 L:42536.65 C:42549.24
[2026-01-01 02:25:04] [INFO] 📊 New Candle: O:42536.65 H:42549.24 L:42536.65 C:42544.08
[2026-01-01 02:25:06] [INFO] 📊 New Candle: O:42536.65 H:42549.24 L:42536.65 C:42548.29
[2026-01-01 02:25:08] [INFO] 📊 New Candle: O:42536.65 H:42559.25 L:42536.65 C:42559.25
[2026-01-01 02:25:10] [INFO] 📊 New Candle: O:42536.65 H:42563.13 L:42536.65 C:42563.13
[2026-01-01 02:25:12] [INFO] 📊 New Candle: O:42536.65 H:42569.45 L:42536.65 C:42569.45
[2026-01-01 02:25:14] [INFO] 📊 New Candle: O:42536.65 H:42569.45 L:42536.65 C:42569.34
[2026-01-01 02:25:16] [INFO] 📊 New Candle: O:42536.65 H:42569.45 L:42536.65 C:42565.78
[2026-01-01 02:25:18] [INFO] 📊 New Candle: O:42536.65 H:42569.48 L:42536.65 C:42569.48
[2026-01-01 02:25:20] [INFO] 📊 New Candle: O:42536.65 H:42569.48 L:42536.65 C:42562.53
[2026-01-01 02:25:22] [INFO] 📊 New Candle: O:42536.65 H:42574.83 L:42536.65 C:42574.83
[2026-01-01 02:25:24] [INFO] 📊 New Candle: O:42536.65 H:42574.83 L:42536.65 C:42560.10
[2026-01-01 02:25:26] [INFO] 📊 New Candle: O:42536.65 H:42574.83 L:42536.65 C:42558.89
[2026-01-01 02:25:28] [INFO] 📊 New Candle: O:42536.65 H:42574.83 L:42536.65 C:42550.70
[2026-01-01 02:25:30] [INFO] 📊 New Candle: O:42536.65 H:42574.83 L:42536.65 C:42538.88
[2026-01-01 02:25:32] [INFO] 📊 New Candle: O:42536.65 H:42574.83 L:42536.65 C:42553.49
[2026-01-01 02:25:34] [INFO] 📊 New Candle: O:42536.65 H:42574.83 L:42536.65 C:42549.21
[2026-01-01 02:25:36] [INFO] 📊 New Candle: O:42536.65 H:42574.83 L:42536.65 C:42542.36
[2026-01-01 02:25:38] [INFO] 📊 New Candle: O:42536.65 H:42574.83 L:42535.91 C:42535.91
[2026-01-01 02:25:40] [INFO] 📊 New Candle: O:42536.65 H:42574.83 L:42529.32 C:42529.32
[2026-01-01 02:25:42] [INFO] 📊 New Candle: O:42536.65 H:42574.83 L:42523.47 C:42523.47
[2026-01-01 02:25:44] [INFO] 📊 New Candle: O:42536.65 H:42574.83 L:42523.47 C:42526.34
[2026-01-01 02:25:46] [INFO] 📊 New Candle: O:42536.65 H:42574.83 L:42523.47 C:42534.12
[2026-01-01 02:25:48] [INFO] 📊 New Candle: O:42536.65 H:42574.83 L:42523.47 C:42539.00
[2026-01-01 02:25:50] [INFO] 📊 New Candle: O:42536.65 H:42574.83 L:42523.47 C:42545.08
[2026-01-01 02:25:52] [INFO] 📊 New Candle: O:42536.65 H:42574.83 L:42523.47 C:42557.72
[2026-01-01 02:25:54] [INFO] 📊 New Candle: O:42536.65 H:42574.83 L:42523.47 C:42553.98
[2026-01-01 02:25:56] [INFO] 📊 New Candle: O:42536.65 H:42574.83 L:42523.47 C:42560.60
[2026-01-01 02:25:58] [INFO] 📊 New Candle: O:42536.65 H:42574.83 L:42523.47 C:42560.55
[2026-01-01 02:26:00] [INFO] 📊 New Candle: O:42536.65 H:42574.83 L:42523.47 C:42561.44
[2026-01-01 02:26:02] [INFO] 📊 New Candle: O:42536.65 H:42574.83 L:42523.47 C:42547.19
[2026-01-01 02:26:04] [INFO] 📊 New Candle: O:42536.65 H:42574.83 L:42523.47 C:42553.63
[2026-01-01 02:26:06] [INFO] 📊 New Candle: O:42536.65 H:42574.83 L:42523.47 C:42550.77
[2026-01-01 02:26:08] [INFO] 📊 New Candle: O:42536.65 H:42574.83 L:42523.47 C:42546.74
[2026-01-01 02:26:10] [INFO] 📊 New Candle: O:42536.65 H:42574.83 L:42523.47 C:42545.49
[2026-01-01 02:26:12] [INFO] 📊 New Candle: O:42536.65 H:42574.83 L:42523.47 C:42546.70
[2026-01-01 02:26:14] [INFO] 📊 New Candle: O:42536.65 H:42574.83 L:42523.47 C:42555.01
[2026-01-01 02:26:16] [INFO] 📊 New Candle: O:42536.65 H:42574.83 L:42523.47 C:42556.78
[2026-01-01 02:26:18] [INFO] 📊 New Candle: O:42536.65 H:42574.83 L:42523.47 C:42550.05
[2026-01-01 02:26:20] [INFO] 📊 New Candle: O:42536.65 H:42574.83 L:42523.47 C:42546.37
[2026-01-01 02:26:22] [INFO] 📊 New Candle: O:42536.65 H:42574.83 L:42523.47 C:42555.17
[2026-01-01 02:26:24] [INFO] 📊 New Candle: O:42536.65 H:42574.83 L:42523.47 C:42553.67
[2026-01-01 02:26:26] [INFO] 📊 New Candle: O:42536.65 H:42574.83 L:42523.47 C:42564.45
[2026-01-01 02:26:28] [INFO] 📊 New Candle: O:42536.65 H:42576.56 L:42523.47 C:42576.56
[2026-01-01 02:26:30] [INFO] 📊 New Candle: O:42536.65 H:42586.06 L:42523.47 C:42586.06
[2026-01-01 02:26:32] [INFO] 📊 New Candle: O:42536.65 H:42586.06 L:42523.47 C:42580.56
[2026-01-01 02:26:34] [INFO] 📊 New Candle: O:42536.65 H:42592.02 L:42523.47 C:42592.02
[2026-01-01 02:26:36] [INFO] 📊 New Candle: O:42536.65 H:42592.02 L:42523.47 C:42575.08
[2026-01-01 02:26:38] [INFO] 📊 New Candle: O:42536.65 H:42592.02 L:42523.47 C:42574.82
[2026-01-01 02:26:40] [INFO] 📊 New Candle: O:42536.65 H:42592.02 L:42523.47 C:42580.10
[2026-01-01 02:26:42] [INFO] 📊 New Candle: O:42536.65 H:42592.02 L:42523.47 C:42569.96
[2026-01-01 02:26:44] [INFO] 📊 New Candle: O:42536.65 H:42592.02 L:42523.47 C:42564.48
[2026-01-01 02:26:46] [INFO] 📊 New Candle: O:42536.65 H:42592.02 L:42523.47 C:42559.55
[2026-01-01 02:26:48] [INFO] 📊 New Candle: O:42536.65 H:42592.02 L:42523.47 C:42555.02
[2026-01-01 02:26:50] [INFO] 📊 New Candle: O:42536.65 H:42592.02 L:42523.47 C:42549.04
[2026-01-01 02:26:52] [INFO] 📊 New Candle: O:42536.65 H:42592.02 L:42523.47 C:42555.02
[2026-01-01 02:26:54] [INFO] 📊 New Candle: O:42536.65 H:42592.02 L:42523.47 C:42556.39
[2026-01-01 02:26:56] [INFO] 📊 New Candle: O:42536.65 H:42592.02 L:42523.47 C:42559.50
[2026-01-01 02:26:58] [INFO] 📊 New Candle: O:42536.65 H:42592.02 L:42523.47 C:42566.49
[2026-01-01 02:27:00] [INFO] 📊 New Candle: O:42536.65 H:42592.02 L:42523.47 C:42567.15
[2026-01-01 02:27:02] [INFO] 📊 New Candle: O:42536.65 H:42592.02 L:42523.47 C:42564.82
[2026-01-01 02:27:04] [INFO] 📊 New Candle: O:42536.65 H:42592.02 L:42523.47 C:42550.72
[2026-01-01 02:27:06] [INFO] 📊 New Candle: O:42536.65 H:42592.02 L:42523.47 C:42537.94
[2026-01-01 02:27:08] [INFO] 📊 New Candle: O:42536.65 H:42592.02 L:42523.47 C:42557.06
[2026-01-01 02:27:10] [INFO] 📊 New Candle: O:42536.65 H:42592.02 L:42523.47 C:42560.33
[2026-01-01 02:27:12] [INFO] 📊 New Candle: O:42536.65 H:42592.02 L:42523.47 C:42539.84
[2026-01-01 02:27:14] [INFO] 📊 New Candle: O:42536.65 H:42592.02 L:42522.86 C:42522.86
[2026-01-01 02:27:16] [INFO] 📊 New Candle: O:42536.65 H:42592.02 L:42522.86 C:42525.54
[2026-01-01 02:27:18] [INFO] 📊 New Candle: O:42536.65 H:42592.02 L:42522.86 C:42524.48
[2026-01-01 02:27:20] [INFO] 📊 New Candle: O:42536.65 H:42592.02 L:42522.86 C:42524.81
[2026-01-01 02:27:22] [INFO] 📊 New Candle: O:42536.65 H:42592.02 L:42520.54 C:42520.54
[2026-01-01 02:27:24] [INFO] 📊 New Candle: O:42536.65 H:42592.02 L:42512.35 C:42512.35
[2026-01-01 02:27:26] [INFO] 📊 New Candle: O:42536.65 H:42592.02 L:42495.71 C:42495.71
[2026-01-01 02:27:28] [INFO] 📊 New Candle: O:42536.65 H:42592.02 L:42480.95 C:42480.95
[2026-01-01 02:27:30] [INFO] 📊 New Candle: O:42536.65 H:42592.02 L:42477.63 C:42477.63
[2026-01-01 02:27:32] [INFO] 📊 New Candle: O:42536.65 H:42592.02 L:42477.63 C:42492.58
[2026-01-01 02:27:34] [INFO] 📊 New Candle: O:42536.65 H:42592.02 L:42477.63 C:42508.37
[2026-01-01 02:27:36] [INFO] 📊 New Candle: O:42536.65 H:42592.02 L:42477.63 C:42514.41
[2026-01-01 02:27:38] [INFO] 📊 New Candle: O:42536.65 H:42592.02 L:42477.63 C:42516.40
[2026-01-01 02:27:40] [INFO] 📊 New Candle: O:42536.65 H:42592.02 L:42477.63 C:42513.35
[2026-01-01 02:27:42] [INFO] 📊 New Candle: O:42536.65 H:42592.02 L:42477.63 C:42521.11
[2026-01-01 02:27:44] [INFO] 📊 New Candle: O:42536.65 H:42592.02 L:42477.63 C:42521.06
[2026-01-01 02:27:46] [INFO] 📊 New Candle: O:42536.65 H:42592.02 L:42477.63 C:42520.03
[2026-01-01 02:27:48] [INFO] 📊 New Candle: O:42536.65 H:42592.02 L:42477.63 C:42516.72
[2026-01-01 02:27:50] [INFO] 📊 New Candle: O:42536.65 H:42592.02 L:42477.63 C:42497.83
[2026-01-01 02:27:52] [INFO] 📊 New Candle: O:42536.65 H:42592.02 L:42477.63 C:42479.18
[2026-01-01 02:27:54] [INFO] 📊 New Candle: O:42536.65 H:42592.02 L:42474.76 C:42474.76
[2026-01-01 02:27:56] [INFO] 📊 New Candle: O:42536.65 H:42592.02 L:42466.43 C:42466.43
[2026-01-01 02:27:58] [INFO] 📊 New Candle: O:42536.65 H:42592.02 L:42461.78 C:42461.78
[2026-01-01 02:28:00] [INFO] 📊 New Candle: O:42536.65 H:42592.02 L:42454.89 C:42454.89
[2026-01-01 02:28:02] [INFO] 📊 New Candle: O:42536.65 H:42592.02 L:42446.69 C:42446.69
[2026-01-01 02:28:04] [INFO] 📊 New Candle: O:42536.65 H:42592.02 L:42440.93 C:42440.93
[2026-01-01 02:28:06] [INFO] 📊 New Candle: O:42536.65 H:42592.02 L:42440.93 C:42444.72
[2026-01-01 02:28:08] [INFO] 📊 New Candle: O:42536.65 H:42592.02 L:42439.40 C:42439.40
[2026-01-01 02:28:10] [INFO] 📊 New Candle: O:42536.65 H:42592.02 L:42439.40 C:42450.64
[2026-01-01 02:28:12] [INFO] 📊 New Candle: O:42536.65 H:42592.02 L:42436.77 C:42436.77
[2026-01-01 02:28:14] [INFO] 📊 New Candle: O:42536.65 H:42592.02 L:42425.07 C:42425.07
[2026-01-01 02:28:16] [INFO] 📊 New Candle: O:42536.65 H:42592.02 L:42425.07 C:42426.89
[2026-01-01 02:28:18] [INFO] 📊 New Candle: O:42536.65 H:42592.02 L:42425.07 C:42433.45
[2026-01-01 02:28:20] [INFO] 📊 New Candle: O:42536.65 H:42592.02 L:42425.07 C:42437.70
[2026-01-01 02:28:22] [INFO] 📊 New Candle: O:42536.65 H:42592.02 L:42425.07 C:42437.59
[2026-01-01 02:28:24] [INFO] 📊 New Candle: O:42536.65 H:42592.02 L:42425.07 C:42439.28
[2026-01-01 02:28:26] [INFO] 📊 New Candle: O:42536.65 H:42592.02 L:42425.07 C:42437.47
[2026-01-01 02:28:28] [INFO] 📊 New Candle: O:42536.65 H:42592.02 L:42420.96 C:42420.96
[2026-01-01 02:28:30] [INFO] 📊 New Candle: O:42536.65 H:42592.02 L:42416.40 C:42416.40
[2026-01-01 02:28:32] [INFO] 📊 New Candle: O:42536.65 H:42592.02 L:42416.40 C:42431.69
[2026-01-01 02:28:34] [INFO] 📊 New Candle: O:42536.65 H:42592.02 L:42416.40 C:42437.25
[2026-01-01 02:28:36] [INFO] 📊 New Candle: O:42536.65 H:42592.02 L:42416.40 C:42455.67
[2026-01-01 02:28:38] [INFO] 📊 New Candle: O:42536.65 H:42592.02 L:42416.40 C:42460.40
[2026-01-01 02:28:40] [INFO] 📊 New Candle: O:42536.65 H:42592.02 L:42416.40 C:42456.69
[2026-01-01 02:28:42] [INFO] 📊 New Candle: O:42536.65 H:42592.02 L:42416.40 C:42456.59
[2026-01-01 02:28:44] [INFO] 📊 New Candle: O:42536.65 H:42592.02 L:42416.40 C:42463.13
[2026-01-01 02:28:46] [INFO] 📊 New Candle: O:42536.65 H:42592.02 L:42416.40 C:42471.82
[2026-01-01 02:28:48] [INFO] 📊 New Candle: O:42536.65 H:42592.02 L:42416.40 C:42466.91
[2026-01-01 02:28:50] [INFO] 📊 New Candle: O:42536.65 H:42592.02 L:42416.40 C:42478.73
[2026-01-01 02:28:52] [INFO] 📊 New Candle: O:42536.65 H:42592.02 L:42416.40 C:42475.76
[2026-01-01 02:28:54] [INFO] 📊 New Candle: O:42536.65 H:42592.02 L:42416.40 C:42471.73
[2026-01-01 02:28:56] [INFO] 📊 New Candle: O:42536.65 H:42592.02 L:42416.40 C:42475.21
[2026-01-01 02:28:58] [INFO] 📊 New Candle: O:42536.65 H:42592.02 L:42416.40 C:42476.32
[2026-01-01 02:29:00] [INFO] 📊 New Candle: O:42536.65 H:42592.02 L:42416.40 C:42473.12
[2026-01-01 02:29:02] [INFO] 📊 New Candle: O:42536.65 H:42592.02 L:42416.40 C:42478.09
[2026-01-01 02:29:04] [INFO] 📊 New Candle: O:42536.65 H:42592.02 L:42416.40 C:42470.94
[2026-01-01 02:29:06] [INFO] 📊 New Candle: O:42536.65 H:42592.02 L:42416.40 C:42479.77
[2026-01-01 02:29:08] [INFO] 📊 New Candle: O:42536.65 H:42592.02 L:42416.40 C:42482.22
[2026-01-01 02:29:10] [INFO] 📊 New Candle: O:42536.65 H:42592.02 L:42416.40 C:42481.64
[2026-01-01 02:29:12] [INFO] 📊 New Candle: O:42536.65 H:42592.02 L:42416.40 C:42494.22
[2026-01-01 02:29:14] [INFO] 📊 New Candle: O:42536.65 H:42592.02 L:42416.40 C:42498.57
[2026-01-01 02:29:16] [INFO] 📊 New Candle: O:42536.65 H:42592.02 L:42416.40 C:42489.58
[2026-01-01 02:29:18] [INFO] 📊 New Candle: O:42536.65 H:42592.02 L:42416.40 C:42489.40
[2026-01-01 02:29:20] [INFO] 📊 New Candle: O:42536.65 H:42592.02 L:42416.40 C:42499.01
[2026-01-01 02:29:22] [INFO] 📊 New Candle: O:42536.65 H:42592.02 L:42416.40 C:42497.15
[2026-01-01 02:29:24] [INFO] 📊 New Candle: O:42536.65 H:42592.02 L:42416.40 C:42478.90
[2026-01-01 02:29:26] [INFO] 📊 New Candle: O:42536.65 H:42592.02 L:42416.40 C:42493.56
[2026-01-01 02:29:28] [INFO] 📊 New Candle: O:42536.65 H:42592.02 L:42416.40 C:42494.34
[2026-01-01 02:29:30] [INFO] 📊 New Candle: O:42536.65 H:42592.02 L:42416.40 C:42490.21
[2026-01-01 02:29:32] [INFO] 📊 New Candle: O:42536.65 H:42592.02 L:42416.40 C:42496.97
[2026-01-01 02:29:34] [INFO] 📊 New Candle: O:42536.65 H:42592.02 L:42416.40 C:42515.25
[2026-01-01 02:29:36] [INFO] 📊 New Candle: O:42536.65 H:42592.02 L:42416.40 C:42512.95
[2026-01-01 02:29:38] [INFO] 📊 New Candle: O:42536.65 H:42592.02 L:42416.40 C:42509.44
[2026-01-01 02:29:40] [INFO] 📊 New Candle: O:42536.65 H:42592.02 L:42416.40 C:42507.48
[2026-01-01 02:29:42] [INFO] 📊 New Candle: O:42536.65 H:42592.02 L:42416.40 C:42510.28
[2026-01-01 02:29:44] [INFO] 📊 New Candle: O:42536.65 H:42592.02 L:42416.40 C:42498.53
[2026-01-01 02:29:46] [INFO] 📊 New Candle: O:42536.65 H:42592.02 L:42416.40 C:42493.39
[2026-01-01 02:29:48] [INFO] 📊 New Candle: O:42536.65 H:42592.02 L:42416.40 C:42495.34
[2026-01-01 02:29:50] [INFO] 📊 New Candle: O:42536.65 H:42592.02 L:42416.40 C:42514.83
[2026-01-01 02:29:52] [INFO] 📊 New Candle: O:42536.65 H:42592.02 L:42416.40 C:42518.09
[2026-01-01 02:29:54] [INFO] 📊 New Candle: O:42536.65 H:42592.02 L:42416.40 C:42506.69
[2026-01-01 02:29:56] [INFO] 📊 New Candle: O:42536.65 H:42592.02 L:42416.40 C:42523.92
[2026-01-01 02:29:58] [INFO] 📊 New Candle: O:42536.65 H:42592.02 L:42416.40 C:42523.58
[2026-01-01 02:30:00] [INFO] 📊 New Candle: O:42524.43 H:42524.43 L:42524.43 C:42524.43
[2026-01-01 02:30:02] [INFO] 📊 New Candle: O:42524.43 H:42524.43 L:42521.98 C:42521.98
[2026-01-01 02:30:04] [INFO] 📊 New Candle: O:42524.43 H:42525.24 L:42521.98 C:42525.24
[2026-01-01 02:30:06] [INFO] 📊 New Candle: O:42524.43 H:42531.26 L:42521.98 C:42531.26
[2026-01-01 02:30:08] [INFO] 📊 New Candle: O:42524.43 H:42531.26 L:42521.98 C:42526.38
[2026-01-01 02:30:10] [INFO] 📊 New Candle: O:42524.43 H:42531.26 L:42521.98 C:42526.46
[2026-01-01 02:30:12] [INFO] 📊 New Candle: O:42524.43 H:42531.26 L:42517.90 C:42517.90
[2026-01-01 02:30:14] [INFO] 📊 New Candle: O:42524.43 H:42531.26 L:42509.53 C:42509.53
[2026-01-01 02:30:14] [TRADE] 🎯 LONG SIGNAL DETECTED {"signal":"LONG","reason":"Uptrend + EMA alignment + Oversold + Pullback","confidence":"HIGH"}
[2026-01-01 02:30:14] [TRADE] 📝 Executing CALL trade...
[2026-01-01 02:30:14] [INFO] 📋 Proposal received {"id":"bc689e03-a833-6e16-6d88-3b3d68037659","payout":1.95,"ask_price":1}
[2026-01-01 02:30:15] [SUCCESS] Trade executed! {"contract_id":302903204608,"buy_price":1,"potential_payout":1.95}
[2026-01-01 02:30:16] [INFO] 📊 New Candle: O:42524.43 H:42531.26 L:42509.53 C:42514.08
[2026-01-01 02:30:18] [INFO] 📊 New Candle: O:42524.43 H:42531.26 L:42509.53 C:42511.60
[2026-01-01 02:30:20] [INFO] 📊 New Candle: O:42524.43 H:42531.26 L:42506.60 C:42506.60
[2026-01-01 02:30:22] [INFO] 📊 New Candle: O:42524.43 H:42531.26 L:42506.60 C:42508.31
[2026-01-01 02:30:24] [INFO] 📊 New Candle: O:42524.43 H:42531.26 L:42506.60 C:42508.16
[2026-01-01 02:30:26] [INFO] 📊 New Candle: O:42524.43 H:42531.26 L:42506.60 C:42509.79
[2026-01-01 02:30:28] [INFO] 📊 New Candle: O:42524.43 H:42531.26 L:42506.60 C:42507.41
[2026-01-01 02:30:30] [INFO] 📊 New Candle: O:42524.43 H:42531.26 L:42506.60 C:42518.75
[2026-01-01 02:30:32] [INFO] 📊 New Candle: O:42524.43 H:42531.26 L:42506.60 C:42527.20
[2026-01-01 02:30:34] [INFO] 📊 New Candle: O:42524.43 H:42531.26 L:42506.60 C:42527.78
[2026-01-01 02:30:36] [INFO] 📊 New Candle: O:42524.43 H:42531.26 L:42506.60 C:42528.82
[2026-01-01 02:30:38] [INFO] 📊 New Candle: O:42524.43 H:42533.72 L:42506.60 C:42533.72
[2026-01-01 02:30:40] [INFO] 📊 New Candle: O:42524.43 H:42533.72 L:42506.60 C:42522.60
[2026-01-01 02:30:42] [INFO] 📊 New Candle: O:42524.43 H:42533.72 L:42506.60 C:42522.75
[2026-01-01 02:30:44] [INFO] 📊 New Candle: O:42524.43 H:42533.72 L:42506.60 C:42525.85
[2026-01-01 02:30:46] [INFO] 📊 New Candle: O:42524.43 H:42533.84 L:42506.60 C:42533.84
[2026-01-01 02:30:48] [INFO] 📊 New Candle: O:42524.43 H:42539.30 L:42506.60 C:42539.30
[2026-01-01 02:30:50] [INFO] 📊 New Candle: O:42524.43 H:42540.31 L:42506.60 C:42540.31
[2026-01-01 02:30:52] [INFO] 📊 New Candle: O:42524.43 H:42540.31 L:42506.60 C:42528.45
[2026-01-01 02:30:54] [INFO] 📊 New Candle: O:42524.43 H:42540.31 L:42506.60 C:42519.95
[2026-01-01 02:30:56] [INFO] 📊 New Candle: O:42524.43 H:42540.31 L:42506.60 C:42536.37
[2026-01-01 02:30:58] [INFO] 📊 New Candle: O:42524.43 H:42540.31 L:42506.60 C:42524.59
[2026-01-01 02:31:00] [INFO] 📊 New Candle: O:42524.43 H:42540.31 L:42506.60 C:42521.61
[2026-01-01 02:31:02] [INFO] 📊 New Candle: O:42524.43 H:42540.31 L:42506.60 C:42527.83
[2026-01-01 02:31:04] [INFO] 📊 New Candle: O:42524.43 H:42540.31 L:42506.60 C:42518.49
[2026-01-01 02:31:06] [INFO] 📊 New Candle: O:42524.43 H:42540.31 L:42506.60 C:42514.77
[2026-01-01 02:31:08] [INFO] 📊 New Candle: O:42524.43 H:42540.31 L:42506.60 C:42522.73
[2026-01-01 02:31:10] [INFO] 📊 New Candle: O:42524.43 H:42540.31 L:42506.60 C:42514.27
[2026-01-01 02:31:12] [INFO] 📊 New Candle: O:42524.43 H:42540.31 L:42506.29 C:42506.29
[2026-01-01 02:31:14] [INFO] 📊 New Candle: O:42524.43 H:42540.31 L:42506.29 C:42515.04
[2026-01-01 02:31:16] [INFO] 📊 New Candle: O:42524.43 H:42540.31 L:42506.29 C:42520.42
[2026-01-01 02:31:18] [INFO] 📊 New Candle: O:42524.43 H:42540.31 L:42506.29 C:42515.12
[2026-01-01 02:31:26] [INFO] 📊 New Candle: O:42524.43 H:42540.31 L:42506.29 C:42511.39
[2026-01-01 02:31:26] [INFO] 📊 New Candle: O:42524.43 H:42540.31 L:42506.29 C:42522.66
[2026-01-01 02:31:26] [INFO] 📊 New Candle: O:42524.43 H:42540.31 L:42506.29 C:42522.08
[2026-01-01 02:31:26] [INFO] 📊 New Candle: O:42524.43 H:42540.31 L:42506.29 C:42515.75
[2026-01-01 02:31:28] [INFO] 📊 New Candle: O:42524.43 H:42540.31 L:42506.29 C:42517.36
[2026-01-01 02:31:30] [INFO] 📊 New Candle: O:42524.43 H:42540.31 L:42506.29 C:42522.18
[2026-01-01 02:31:32] [INFO] 📊 New Candle: O:42524.43 H:42540.31 L:42506.29 C:42517.18
[2026-01-01 02:31:34] [INFO] 📊 New Candle: O:42524.43 H:42540.31 L:42506.29 C:42514.39
[2026-01-01 02:31:36] [INFO] 📊 New Candle: O:42524.43 H:42540.31 L:42506.29 C:42513.64
[2026-01-01 02:31:38] [INFO] 📊 New Candle: O:42524.43 H:42540.31 L:42506.29 C:42506.89
[2026-01-01 02:31:40] [INFO] 📊 New Candle: O:42524.43 H:42540.31 L:42503.84 C:42503.84
[2026-01-01 02:31:42] [INFO] 📊 New Candle: O:42524.43 H:42540.31 L:42503.84 C:42505.04
[2026-01-01 02:31:44] [INFO] 📊 New Candle: O:42524.43 H:42540.31 L:42503.84 C:42507.81
[2026-01-01 02:31:46] [INFO] 📊 New Candle: O:42524.43 H:42540.31 L:42503.84 C:42510.23
[2026-01-01 02:31:48] [INFO] 📊 New Candle: O:42524.43 H:42540.31 L:42503.84 C:42507.83
[2026-01-01 02:31:50] [INFO] 📊 New Candle: O:42524.43 H:42540.31 L:42503.84 C:42517.20
[2026-01-01 02:31:52] [INFO] 📊 New Candle: O:42524.43 H:42540.31 L:42503.84 C:42525.86
[2026-01-01 02:31:54] [INFO] 📊 New Candle: O:42524.43 H:42540.31 L:42503.84 C:42537.64
[2026-01-01 02:31:56] [INFO] 📊 New Candle: O:42524.43 H:42541.95 L:42503.84 C:42541.95
[2026-01-01 02:31:58] [INFO] 📊 New Candle: O:42524.43 H:42541.95 L:42503.84 C:42540.03
[2026-01-01 02:32:00] [INFO] 📊 New Candle: O:42524.43 H:42544.77 L:42503.84 C:42544.77
[2026-01-01 02:32:02] [INFO] 📊 New Candle: O:42524.43 H:42544.77 L:42503.84 C:42544.13
[2026-01-01 02:32:04] [INFO] 📊 New Candle: O:42524.43 H:42544.77 L:42503.84 C:42534.56
[2026-01-01 02:32:06] [INFO] 📊 New Candle: O:42524.43 H:42544.77 L:42503.84 C:42540.05
[2026-01-01 02:32:08] [INFO] 📊 New Candle: O:42524.43 H:42551.02 L:42503.84 C:42551.02
[2026-01-01 02:32:10] [INFO] 📊 New Candle: O:42524.43 H:42554.46 L:42503.84 C:42554.46
[2026-01-01 02:32:12] [INFO] 📊 New Candle: O:42524.43 H:42558.17 L:42503.84 C:42558.17
[2026-01-01 02:32:14] [INFO] 📊 New Candle: O:42524.43 H:42558.17 L:42503.84 C:42550.42
[2026-01-01 02:32:16] [INFO] 📊 New Candle: O:42524.43 H:42558.17 L:42503.84 C:42544.81
[2026-01-01 02:32:18] [INFO] 📊 New Candle: O:42524.43 H:42558.17 L:42503.84 C:42550.90
[2026-01-01 02:32:20] [INFO] 📊 New Candle: O:42524.43 H:42558.17 L:42503.84 C:42555.12
[2026-01-01 02:32:22] [INFO] 📊 New Candle: O:42524.43 H:42558.17 L:42503.84 C:42551.64
[2026-01-01 02:32:24] [INFO] 📊 New Candle: O:42524.43 H:42558.17 L:42503.84 C:42557.27
[2026-01-01 02:32:26] [INFO] 📊 New Candle: O:42524.43 H:42558.17 L:42503.84 C:42545.75
[2026-01-01 02:32:28] [INFO] 📊 New Candle: O:42524.43 H:42558.17 L:42503.84 C:42544.72
[2026-01-01 02:32:30] [INFO] 📊 New Candle: O:42524.43 H:42558.17 L:42503.84 C:42552.00
[2026-01-01 02:32:32] [INFO] 📊 New Candle: O:42524.43 H:42558.17 L:42503.84 C:42541.89
[2026-01-01 02:32:34] [INFO] 📊 New Candle: O:42524.43 H:42558.17 L:42503.84 C:42550.21
[2026-01-01 02:32:36] [INFO] 📊 New Candle: O:42524.43 H:42558.17 L:42503.84 C:42548.99
[2026-01-01 02:32:38] [INFO] 📊 New Candle: O:42524.43 H:42558.17 L:42503.84 C:42548.08
[2026-01-01 02:32:40] [INFO] 📊 New Candle: O:42524.43 H:42558.17 L:42503.84 C:42547.70
[2026-01-01 02:32:42] [INFO] 📊 New Candle: O:42524.43 H:42558.17 L:42503.84 C:42545.29
[2026-01-01 02:32:44] [INFO] 📊 New Candle: O:42524.43 H:42558.17 L:42503.84 C:42540.57
[2026-01-01 02:32:46] [INFO] 📊 New Candle: O:42524.43 H:42558.17 L:42503.84 C:42526.24
[2026-01-01 02:32:48] [INFO] 📊 New Candle: O:42524.43 H:42558.17 L:42503.84 C:42527.69
[2026-01-01 02:32:50] [INFO] 📊 New Candle: O:42524.43 H:42558.17 L:42503.84 C:42518.23
[2026-01-01 02:32:52] [INFO] 📊 New Candle: O:42524.43 H:42558.17 L:42503.84 C:42524.74
[2026-01-01 02:32:54] [INFO] 📊 New Candle: O:42524.43 H:42558.17 L:42503.84 C:42530.26
[2026-01-01 02:32:56] [INFO] 📊 New Candle: O:42524.43 H:42558.17 L:42503.84 C:42533.22
[2026-01-01 02:32:58] [INFO] 📊 New Candle: O:42524.43 H:42558.17 L:42503.84 C:42523.22
[2026-01-01 02:33:00] [INFO] 📊 New Candle: O:42524.43 H:42558.17 L:42503.84 C:42524.06
[2026-01-01 02:33:02] [INFO] 📊 New Candle: O:42524.43 H:42558.17 L:42503.84 C:42539.60
[2026-01-01 02:33:04] [INFO] 📊 New Candle: O:42524.43 H:42558.17 L:42503.84 C:42545.80
[2026-01-01 02:33:06] [INFO] 📊 New Candle: O:42524.43 H:42558.17 L:42503.84 C:42553.75
[2026-01-01 02:33:08] [INFO] 📊 New Candle: O:42524.43 H:42558.17 L:42503.84 C:42553.90
[2026-01-01 02:33:10] [INFO] 📊 New Candle: O:42524.43 H:42558.17 L:42503.84 C:42554.26
[2026-01-01 02:33:12] [INFO] 📊 New Candle: O:42524.43 H:42558.17 L:42503.84 C:42540.63
[2026-01-01 02:33:14] [INFO] 📊 New Candle: O:42524.43 H:42558.17 L:42503.84 C:42538.90
[2026-01-01 02:33:16] [INFO] 📊 New Candle: O:42524.43 H:42558.17 L:42503.84 C:42552.90
[2026-01-01 02:33:18] [INFO] 📊 New Candle: O:42524.43 H:42558.17 L:42503.84 C:42547.41
[2026-01-01 02:33:20] [INFO] 📊 New Candle: O:42524.43 H:42558.17 L:42503.84 C:42537.93
[2026-01-01 02:33:22] [INFO] 📊 New Candle: O:42524.43 H:42558.17 L:42503.84 C:42536.36
[2026-01-01 02:33:24] [INFO] 📊 New Candle: O:42524.43 H:42558.17 L:42503.84 C:42534.54
[2026-01-01 02:33:26] [INFO] 📊 New Candle: O:42524.43 H:42558.17 L:42503.84 C:42526.24
[2026-01-01 02:33:28] [INFO] 📊 New Candle: O:42524.43 H:42558.17 L:42503.84 C:42535.39
[2026-01-01 02:33:30] [INFO] 📊 New Candle: O:42524.43 H:42558.17 L:42503.84 C:42536.27
[2026-01-01 02:33:32] [INFO] 📊 New Candle: O:42524.43 H:42558.17 L:42503.84 C:42533.60
[2026-01-01 02:33:34] [INFO] 📊 New Candle: O:42524.43 H:42558.17 L:42503.84 C:42533.08
[2026-01-01 02:33:36] [INFO] 📊 New Candle: O:42524.43 H:42558.17 L:42503.84 C:42535.38
[2026-01-01 02:33:38] [INFO] 📊 New Candle: O:42524.43 H:42558.17 L:42503.84 C:42523.21
[2026-01-01 02:33:40] [INFO] 📊 New Candle: O:42524.43 H:42558.17 L:42503.84 C:42547.37
[2026-01-01 02:33:42] [INFO] 📊 New Candle: O:42524.43 H:42558.52 L:42503.84 C:42558.52
[2026-01-01 02:33:44] [INFO] 📊 New Candle: O:42524.43 H:42563.33 L:42503.84 C:42563.33
[2026-01-01 02:33:46] [INFO] 📊 New Candle: O:42524.43 H:42563.33 L:42503.84 C:42562.31
[2026-01-01 02:33:48] [INFO] 📊 New Candle: O:42524.43 H:42563.33 L:42503.84 C:42547.92
[2026-01-01 02:33:50] [INFO] 📊 New Candle: O:42524.43 H:42563.33 L:42503.84 C:42552.75
[2026-01-01 02:33:52] [INFO] 📊 New Candle: O:42524.43 H:42563.33 L:42503.84 C:42546.35
[2026-01-01 02:33:54] [INFO] 📊 New Candle: O:42524.43 H:42563.33 L:42503.84 C:42557.80
[2026-01-01 02:33:56] [INFO] 📊 New Candle: O:42524.43 H:42575.13 L:42503.84 C:42575.13
[2026-01-01 02:33:58] [INFO] 📊 New Candle: O:42524.43 H:42575.13 L:42503.84 C:42565.90
[2026-01-01 02:34:00] [INFO] 📊 New Candle: O:42524.43 H:42575.13 L:42503.84 C:42567.27
[2026-01-01 02:34:02] [INFO] 📊 New Candle: O:42524.43 H:42575.13 L:42503.84 C:42557.68
[2026-01-01 02:34:04] [INFO] 📊 New Candle: O:42524.43 H:42575.13 L:42503.84 C:42549.07
[2026-01-01 02:34:06] [INFO] 📊 New Candle: O:42524.43 H:42575.13 L:42503.84 C:42546.04
[2026-01-01 02:34:08] [INFO] 📊 New Candle: O:42524.43 H:42575.13 L:42503.84 C:42556.18
[2026-01-01 02:34:10] [INFO] 📊 New Candle: O:42524.43 H:42575.13 L:42503.84 C:42553.69
[2026-01-01 02:34:12] [INFO] 📊 New Candle: O:42524.43 H:42575.13 L:42503.84 C:42556.84
[2026-01-01 02:34:14] [INFO] 📊 New Candle: O:42524.43 H:42575.13 L:42503.84 C:42570.05
[2026-01-01 02:34:16] [INFO] 📊 New Candle: O:42524.43 H:42575.13 L:42503.84 C:42573.48
[2026-01-01 02:34:18] [INFO] 📊 New Candle: O:42524.43 H:42580.47 L:42503.84 C:42580.47
[2026-01-01 02:34:20] [INFO] 📊 New Candle: O:42524.43 H:42587.04 L:42503.84 C:42587.04
[2026-01-01 02:34:22] [INFO] 📊 New Candle: O:42524.43 H:42589.89 L:42503.84 C:42589.89
[2026-01-01 02:34:24] [INFO] 📊 New Candle: O:42524.43 H:42589.89 L:42503.84 C:42582.07
[2026-01-01 02:34:26] [INFO] 📊 New Candle: O:42524.43 H:42589.89 L:42503.84 C:42587.50
[2026-01-01 02:34:28] [INFO] 📊 New Candle: O:42524.43 H:42597.84 L:42503.84 C:42597.84
[2026-01-01 02:34:30] [INFO] 📊 New Candle: O:42524.43 H:42597.84 L:42503.84 C:42597.49
[2026-01-01 02:34:32] [INFO] 📊 New Candle: O:42524.43 H:42597.84 L:42503.84 C:42594.50
[2026-01-01 02:34:34] [INFO] 📊 New Candle: O:42524.43 H:42604.88 L:42503.84 C:42604.88
[2026-01-01 02:34:36] [INFO] 📊 New Candle: O:42524.43 H:42612.18 L:42503.84 C:42612.18
[2026-01-01 02:34:38] [INFO] 📊 New Candle: O:42524.43 H:42612.90 L:42503.84 C:42612.90
[2026-01-01 02:34:40] [INFO] 📊 New Candle: O:42524.43 H:42612.90 L:42503.84 C:42609.70
[2026-01-01 02:34:42] [INFO] 📊 New Candle: O:42524.43 H:42621.94 L:42503.84 C:42621.94
[2026-01-01 02:34:44] [INFO] 📊 New Candle: O:42524.43 H:42627.00 L:42503.84 C:42627.00
[2026-01-01 02:34:46] [INFO] 📊 New Candle: O:42524.43 H:42627.00 L:42503.84 C:42617.76
[2026-01-01 02:34:48] [INFO] 📊 New Candle: O:42524.43 H:42627.00 L:42503.84 C:42623.10
[2026-01-01 02:34:50] [INFO] 📊 New Candle: O:42524.43 H:42627.24 L:42503.84 C:42627.24
[2026-01-01 02:34:52] [INFO] 📊 New Candle: O:42524.43 H:42627.24 L:42503.84 C:42624.40
[2026-01-01 02:34:54] [INFO] 📊 New Candle: O:42524.43 H:42627.24 L:42503.84 C:42619.20
[2026-01-01 02:34:56] [INFO] 📊 New Candle: O:42524.43 H:42627.24 L:42503.84 C:42613.61
[2026-01-01 02:34:58] [INFO] 📊 New Candle: O:42524.43 H:42627.24 L:42503.84 C:42614.51
[2026-01-01 02:35:00] [INFO] 📊 New Candle: O:42610.98 H:42610.98 L:42610.98 C:42610.98
[2026-01-01 02:35:02] [INFO] 📊 New Candle: O:42610.98 H:42610.98 L:42604.73 C:42604.73
[2026-01-01 02:35:04] [INFO] 📊 New Candle: O:42610.98 H:42610.98 L:42604.73 C:42605.28
[2026-01-01 02:35:06] [INFO] 📊 New Candle: O:42610.98 H:42610.98 L:42595.47 C:42595.47
[2026-01-01 02:35:08] [INFO] 📊 New Candle: O:42610.98 H:42610.98 L:42582.40 C:42582.40
[2026-01-01 02:35:10] [INFO] 📊 New Candle: O:42610.98 H:42610.98 L:42582.40 C:42594.45
[2026-01-01 02:35:12] [INFO] 📊 New Candle: O:42610.98 H:42610.98 L:42582.40 C:42600.10
[2026-01-01 02:35:14] [INFO] 📊 New Candle: O:42610.98 H:42610.98 L:42582.40 C:42607.27
[2026-01-01 02:35:16] [INFO] 📊 New Candle: O:42610.98 H:42610.98 L:42582.40 C:42608.51
[2026-01-01 02:35:18] [INFO] 📊 New Candle: O:42610.98 H:42610.98 L:42582.40 C:42604.19
[2026-01-01 02:35:18] [SUCCESS] 🎉 Trade WON! Profit: +$0.95
[2026-01-01 02:35:20] [INFO] 📊 New Candle: O:42610.98 H:42618.80 L:42582.40 C:42618.80
[2026-01-01 02:35:22] [INFO] 📊 New Candle: O:42610.98 H:42620.57 L:42582.40 C:42620.57
[2026-01-01 02:35:24] [INFO] 📊 New Candle: O:42610.98 H:42636.73 L:42582.40 C:42636.73
[2026-01-01 02:35:26] [INFO] 📊 New Candle: O:42610.98 H:42636.73 L:42582.40 C:42630.78
[2026-01-01 02:35:28] [INFO] 📊 New Candle: O:42610.98 H:42636.73 L:42582.40 C:42616.69
[2026-01-01 02:35:30] [INFO] 📊 New Candle: O:42610.98 H:42636.73 L:42582.40 C:42613.10
[2026-01-01 02:35:32] [INFO] 📊 New Candle: O:42610.98 H:42636.73 L:42582.40 C:42609.96
[2026-01-01 02:35:34] [INFO] 📊 New Candle: O:42610.98 H:42636.73 L:42582.40 C:42615.79
[2026-01-01 02:35:36] [INFO] 📊 New Candle: O:42610.98 H:42636.73 L:42582.40 C:42608.30
[2026-01-01 02:35:38] [INFO] 📊 New Candle: O:42610.98 H:42636.73 L:42582.40 C:42607.67
[2026-01-01 02:35:40] [INFO] 📊 New Candle: O:42610.98 H:42636.73 L:42582.40 C:42608.97
[2026-01-01 02:35:42] [INFO] 📊 New Candle: O:42610.98 H:42636.73 L:42582.40 C:42606.16
[2026-01-01 02:35:44] [INFO] 📊 New Candle: O:42610.98 H:42636.73 L:42582.40 C:42619.37
[2026-01-01 02:35:46] [INFO] 📊 New Candle: O:42610.98 H:42636.73 L:42582.40 C:42625.30
[2026-01-01 02:35:48] [INFO] 📊 New Candle: O:42610.98 H:42636.73 L:42582.40 C:42625.72
[2026-01-01 02:35:50] [INFO] 📊 New Candle: O:42610.98 H:42636.73 L:42582.40 C:42626.21
[2026-01-01 02:35:52] [INFO] 📊 New Candle: O:42610.98 H:42636.73 L:42582.40 C:42614.44
[2026-01-01 02:35:54] [INFO] 📊 New Candle: O:42610.98 H:42636.73 L:42582.40 C:42618.25
[2026-01-01 02:35:56] [INFO] 📊 New Candle: O:42610.98 H:42636.73 L:42582.40 C:42615.85
[2026-01-01 02:35:58] [INFO] 📊 New Candle: O:42610.98 H:42636.73 L:42582.40 C:42633.57
[2026-01-01 02:36:00] [INFO] 📊 New Candle: O:42610.98 H:42636.73 L:42582.40 C:42630.13
[2026-01-01 02:36:02] [INFO] 📊 New Candle: O:42610.98 H:42643.98 L:42582.40 C:42643.98
[2026-01-01 02:36:04] [INFO] 📊 New Candle: O:42610.98 H:42643.98 L:42582.40 C:42633.31
[2026-01-01 02:36:06] [INFO] 📊 New Candle: O:42610.98 H:42643.98 L:42582.40 C:42627.26
[2026-01-01 02:36:08] [INFO] 📊 New Candle: O:42610.98 H:42643.98 L:42582.40 C:42638.10
[2026-01-01 02:36:10] [INFO] 📊 New Candle: O:42610.98 H:42643.98 L:42582.40 C:42636.75
[2026-01-01 02:36:12] [INFO] 📊 New Candle: O:42610.98 H:42643.98 L:42582.40 C:42636.86
[2026-01-01 02:36:14] [INFO] 📊 New Candle: O:42610.98 H:42643.98 L:42582.40 C:42630.15
[2026-01-01 02:36:16] [INFO] 📊 New Candle: O:42610.98 H:42643.98 L:42582.40 C:42625.01
[2026-01-01 02:36:18] [INFO] 📊 New Candle: O:42610.98 H:42643.98 L:42582.40 C:42635.91
[2026-01-01 02:36:20] [INFO] 📊 New Candle: O:42610.98 H:42643.98 L:42582.40 C:42623.47
[2026-01-01 02:36:22] [INFO] 📊 New Candle: O:42610.98 H:42643.98 L:42582.40 C:42604.72
[2026-01-01 02:36:24] [INFO] 📊 New Candle: O:42610.98 H:42643.98 L:42582.40 C:42589.59
[2026-01-01 02:36:26] [INFO] 📊 New Candle: O:42610.98 H:42643.98 L:42582.40 C:42591.81
[2026-01-01 02:36:28] [INFO] 📊 New Candle: O:42610.98 H:42643.98 L:42582.40 C:42596.06
[2026-01-01 02:36:30] [INFO] 📊 New Candle: O:42610.98 H:42643.98 L:42582.40 C:42609.89
[2026-01-01 02:36:32] [INFO] 📊 New Candle: O:42610.98 H:42643.98 L:42582.40 C:42624.20
[2026-01-01 02:36:34] [INFO] 📊 New Candle: O:42610.98 H:42643.98 L:42582.40 C:42618.15
[2026-01-01 02:36:36] [INFO] 📊 New Candle: O:42610.98 H:42643.98 L:42582.40 C:42611.54
[2026-01-01 02:36:38] [INFO] 📊 New Candle: O:42610.98 H:42643.98 L:42582.40 C:42597.91
[2026-01-01 02:36:40] [INFO] 📊 New Candle: O:42610.98 H:42643.98 L:42582.40 C:42583.80
[2026-01-01 02:36:42] [INFO] 📊 New Candle: O:42610.98 H:42643.98 L:42582.40 C:42585.87
[2026-01-01 02:36:44] [INFO] 📊 New Candle: O:42610.98 H:42643.98 L:42581.11 C:42581.11
[2026-01-01 02:36:46] [INFO] 📊 New Candle: O:42610.98 H:42643.98 L:42573.20 C:42573.20
[2026-01-01 02:36:48] [INFO] 📊 New Candle: O:42610.98 H:42643.98 L:42573.20 C:42581.59
[2026-01-01 02:36:50] [INFO] 📊 New Candle: O:42610.98 H:42643.98 L:42573.20 C:42577.17
[2026-01-01 02:36:52] [INFO] 📊 New Candle: O:42610.98 H:42643.98 L:42573.20 C:42575.60
[2026-01-01 02:36:54] [INFO] 📊 New Candle: O:42610.98 H:42643.98 L:42573.20 C:42585.02
[2026-01-01 02:36:56] [INFO] 📊 New Candle: O:42610.98 H:42643.98 L:42573.20 C:42579.37
[2026-01-01 02:36:58] [INFO] 📊 New Candle: O:42610.98 H:42643.98 L:42573.20 C:42590.46
[2026-01-01 02:37:00] [INFO] 📊 New Candle: O:42610.98 H:42643.98 L:42573.20 C:42588.06
[2026-01-01 02:37:02] [INFO] 📊 New Candle: O:42610.98 H:42643.98 L:42573.20 C:42596.24
[2026-01-01 02:37:04] [INFO] 📊 New Candle: O:42610.98 H:42643.98 L:42573.20 C:42598.45
[2026-01-01 02:37:06] [INFO] 📊 New Candle: O:42610.98 H:42643.98 L:42573.20 C:42609.06
[2026-01-01 02:37:08] [INFO] 📊 New Candle: O:42610.98 H:42643.98 L:42573.20 C:42610.16
[2026-01-01 02:37:10] [INFO] 📊 New Candle: O:42610.98 H:42643.98 L:42573.20 C:42602.40
[2026-01-01 02:37:12] [INFO] 📊 New Candle: O:42610.98 H:42643.98 L:42573.20 C:42605.46
[2026-01-01 02:37:14] [INFO] 📊 New Candle: O:42610.98 H:42643.98 L:42573.20 C:42618.82
[2026-01-01 02:37:16] [INFO] 📊 New Candle: O:42610.98 H:42643.98 L:42573.20 C:42600.54
[2026-01-01 02:37:18] [INFO] 📊 New Candle: O:42610.98 H:42643.98 L:42573.20 C:42607.44
[2026-01-01 02:37:20] [INFO] 📊 New Candle: O:42610.98 H:42643.98 L:42573.20 C:42614.39
[2026-01-01 02:37:22] [INFO] 📊 New Candle: O:42610.98 H:42643.98 L:42573.20 C:42613.53
[2026-01-01 02:37:24] [INFO] 📊 New Candle: O:42610.98 H:42643.98 L:42573.20 C:42621.49
[2026-01-01 02:37:26] [INFO] 📊 New Candle: O:42610.98 H:42643.98 L:42573.20 C:42620.31
[2026-01-01 02:37:28] [INFO] 📊 New Candle: O:42610.98 H:42643.98 L:42573.20 C:42615.46
[2026-01-01 02:37:30] [INFO] 📊 New Candle: O:42610.98 H:42643.98 L:42573.20 C:42621.04
[2026-01-01 02:37:32] [INFO] 📊 New Candle: O:42610.98 H:42643.98 L:42573.20 C:42629.47
[2026-01-01 02:37:34] [INFO] 📊 New Candle: O:42610.98 H:42643.98 L:42573.20 C:42614.77
[2026-01-01 02:37:36] [INFO] 📊 New Candle: O:42610.98 H:42643.98 L:42573.20 C:42619.85
[2026-01-01 02:37:38] [INFO] 📊 New Candle: O:42610.98 H:42643.98 L:42573.20 C:42618.26
[2026-01-01 02:37:40] [INFO] 📊 New Candle: O:42610.98 H:42643.98 L:42573.20 C:42612.73
[2026-01-01 02:37:42] [INFO] 📊 New Candle: O:42610.98 H:42643.98 L:42573.20 C:42611.07
[2026-01-01 02:37:44] [INFO] 📊 New Candle: O:42610.98 H:42643.98 L:42573.20 C:42607.81
[2026-01-01 02:37:46] [INFO] 📊 New Candle: O:42610.98 H:42643.98 L:42573.20 C:42615.59
[2026-01-01 02:37:48] [INFO] 📊 New Candle: O:42610.98 H:42643.98 L:42573.20 C:42638.61
[2026-01-01 02:37:50] [INFO] 📊 New Candle: O:42610.98 H:42643.98 L:42573.20 C:42643.27
[2026-01-01 02:37:52] [INFO] 📊 New Candle: O:42610.98 H:42643.98 L:42573.20 C:42631.59
[2026-01-01 02:37:54] [INFO] 📊 New Candle: O:42610.98 H:42643.98 L:42573.20 C:42640.15
[2026-01-01 02:37:56] [INFO] 📊 New Candle: O:42610.98 H:42643.98 L:42573.20 C:42635.12
[2026-01-01 02:37:58] [INFO] 📊 New Candle: O:42610.98 H:42643.98 L:42573.20 C:42636.50
[2026-01-01 02:38:00] [INFO] 📊 New Candle: O:42610.98 H:42643.98 L:42573.20 C:42633.20
[2026-01-01 02:38:02] [INFO] 📊 New Candle: O:42610.98 H:42643.98 L:42573.20 C:42635.06
[2026-01-01 02:38:04] [INFO] 📊 New Candle: O:42610.98 H:42643.98 L:42573.20 C:42639.27
[2026-01-01 02:38:06] [INFO] 📊 New Candle: O:42610.98 H:42643.98 L:42573.20 C:42639.05
[2026-01-01 02:38:08] [INFO] 📊 New Candle: O:42610.98 H:42643.98 L:42573.20 C:42642.55
[2026-01-01 02:38:10] [INFO] 📊 New Candle: O:42610.98 H:42643.98 L:42573.20 C:42641.54
[2026-01-01 02:38:12] [INFO] 📊 New Candle: O:42610.98 H:42643.98 L:42573.20 C:42631.14
[2026-01-01 02:38:14] [INFO] 📊 New Candle: O:42610.98 H:42643.98 L:42573.20 C:42627.37
[2026-01-01 02:38:16] [INFO] 📊 New Candle: O:42610.98 H:42643.98 L:42573.20 C:42628.30
[2026-01-01 02:38:18] [INFO] 📊 New Candle: O:42610.98 H:42643.98 L:42573.20 C:42621.34
[2026-01-01 02:38:20] [INFO] 📊 New Candle: O:42610.98 H:42643.98 L:42573.20 C:42614.82
[2026-01-01 02:38:22] [INFO] 📊 New Candle: O:42610.98 H:42643.98 L:42573.20 C:42613.91
[2026-01-01 02:38:24] [INFO] 📊 New Candle: O:42610.98 H:42643.98 L:42573.20 C:42606.28
[2026-01-01 02:38:26] [INFO] 📊 New Candle: O:42610.98 H:42643.98 L:42573.20 C:42615.89
[2026-01-01 02:38:28] [INFO] 📊 New Candle: O:42610.98 H:42643.98 L:42573.20 C:42610.23
[2026-01-01 02:38:30] [INFO] 📊 New Candle: O:42610.98 H:42643.98 L:42573.20 C:42612.35
[2026-01-01 02:38:32] [INFO] 📊 New Candle: O:42610.98 H:42643.98 L:42573.20 C:42603.78
[2026-01-01 02:38:34] [INFO] 📊 New Candle: O:42610.98 H:42643.98 L:42573.20 C:42601.61
[2026-01-01 02:38:36] [INFO] 📊 New Candle: O:42610.98 H:42643.98 L:42573.20 C:42595.45
[2026-01-01 02:38:38] [INFO] 📊 New Candle: O:42610.98 H:42643.98 L:42573.20 C:42574.22
[2026-01-01 02:38:40] [INFO] 📊 New Candle: O:42610.98 H:42643.98 L:42573.20 C:42575.08
[2026-01-01 02:38:42] [INFO] 📊 New Candle: O:42610.98 H:42643.98 L:42573.20 C:42585.56
[2026-01-01 02:38:44] [INFO] 📊 New Candle: O:42610.98 H:42643.98 L:42573.20 C:42595.46
[2026-01-01 02:38:46] [INFO] 📊 New Candle: O:42610.98 H:42643.98 L:42573.20 C:42595.01
[2026-01-01 02:38:48] [INFO] 📊 New Candle: O:42610.98 H:42643.98 L:42573.20 C:42596.81
[2026-01-01 02:38:50] [INFO] 📊 New Candle: O:42610.98 H:42643.98 L:42573.20 C:42603.77
[2026-01-01 02:38:52] [INFO] 📊 New Candle: O:42610.98 H:42643.98 L:42573.20 C:42608.27
[2026-01-01 02:38:54] [INFO] 📊 New Candle: O:42610.98 H:42643.98 L:42573.20 C:42614.58
[2026-01-01 02:38:56] [INFO] 📊 New Candle: O:42610.98 H:42643.98 L:42573.20 C:42609.37
[2026-01-01 02:38:58] [INFO] 📊 New Candle: O:42610.98 H:42643.98 L:42573.20 C:42600.69
[2026-01-01 02:39:00] [INFO] 📊 New Candle: O:42610.98 H:42643.98 L:42573.20 C:42586.00
[2026-01-01 02:39:02] [INFO] 📊 New Candle: O:42610.98 H:42643.98 L:42573.20 C:42578.31
[2026-01-01 02:39:04] [INFO] 📊 New Candle: O:42610.98 H:42643.98 L:42573.20 C:42581.76
[2026-01-01 02:39:06] [INFO] 📊 New Candle: O:42610.98 H:42643.98 L:42573.20 C:42584.64
[2026-01-01 02:39:08] [INFO] 📊 New Candle: O:42610.98 H:42643.98 L:42573.20 C:42602.09
[2026-01-01 02:39:10] [INFO] 📊 New Candle: O:42610.98 H:42643.98 L:42573.20 C:42599.41
[2026-01-01 02:39:12] [INFO] 📊 New Candle: O:42610.98 H:42643.98 L:42573.20 C:42598.82
[2026-01-01 02:39:14] [INFO] 📊 New Candle: O:42610.98 H:42643.98 L:42573.20 C:42588.47
[2026-01-01 02:39:16] [INFO] 📊 New Candle: O:42610.98 H:42643.98 L:42573.20 C:42592.74
[2026-01-01 02:39:18] [INFO] 📊 New Candle: O:42610.98 H:42643.98 L:42573.20 C:42597.78
[2026-01-01 02:39:20] [INFO] 📊 New Candle: O:42610.98 H:42643.98 L:42573.20 C:42592.91
[2026-01-01 02:39:22] [INFO] 📊 New Candle: O:42610.98 H:42643.98 L:42573.20 C:42605.47
[2026-01-01 02:39:24] [INFO] 📊 New Candle: O:42610.98 H:42643.98 L:42573.20 C:42610.33
[2026-01-01 02:39:26] [INFO] 📊 New Candle: O:42610.98 H:42643.98 L:42573.20 C:42607.24
[2026-01-01 02:39:28] [INFO] 📊 New Candle: O:42610.98 H:42643.98 L:42573.20 C:42607.06
[2026-01-01 02:39:30] [INFO] 📊 New Candle: O:42610.98 H:42643.98 L:42573.20 C:42625.27
[2026-01-01 02:39:32] [INFO] 📊 New Candle: O:42610.98 H:42643.98 L:42573.20 C:42627.48
[2026-01-01 02:39:34] [INFO] 📊 New Candle: O:42610.98 H:42643.98 L:42573.20 C:42621.06
[2026-01-01 02:39:36] [INFO] 📊 New Candle: O:42610.98 H:42643.98 L:42573.20 C:42618.44
[2026-01-01 02:39:38] [INFO] 📊 New Candle: O:42610.98 H:42643.98 L:42573.20 C:42618.28
[2026-01-01 02:39:40] [INFO] 📊 New Candle: O:42610.98 H:42643.98 L:42573.20 C:42617.56
[2026-01-01 02:39:42] [INFO] 📊 New Candle: O:42610.98 H:42643.98 L:42573.20 C:42599.21
[2026-01-01 02:39:44] [INFO] 📊 New Candle: O:42610.98 H:42643.98 L:42573.20 C:42603.31
[2026-01-01 02:39:46] [INFO] 📊 New Candle: O:42610.98 H:42643.98 L:42573.20 C:42619.77
[2026-01-01 02:39:48] [INFO] 📊 New Candle: O:42610.98 H:42643.98 L:42573.20 C:42611.16
[2026-01-01 02:39:50] [INFO] 📊 New Candle: O:42610.98 H:42643.98 L:42573.20 C:42619.96
[2026-01-01 02:39:52] [INFO] 📊 New Candle: O:42610.98 H:42643.98 L:42573.20 C:42611.44
[2026-01-01 02:39:54] [INFO] 📊 New Candle: O:42610.98 H:42643.98 L:42573.20 C:42617.26
[2026-01-01 02:39:56] [INFO] 📊 New Candle: O:42610.98 H:42643.98 L:42573.20 C:42627.78
[2026-01-01 02:39:58] [INFO] 📊 New Candle: O:42610.98 H:42643.98 L:42573.20 C:42637.78
[2026-01-01 02:40:00] [INFO] 📊 New Candle: O:42636.58 H:42636.58 L:42636.58 C:42636.58
[2026-01-01 02:40:02] [INFO] 📊 New Candle: O:42636.58 H:42636.58 L:42626.93 C:42626.93
[2026-01-01 02:40:04] [INFO] 📊 New Candle: O:42636.58 H:42636.58 L:42626.93 C:42632.49
[2026-01-01 02:40:06] [INFO] 📊 New Candle: O:42636.58 H:42636.58 L:42626.93 C:42632.80
[2026-01-01 02:40:08] [INFO] 📊 New Candle: O:42636.58 H:42636.58 L:42626.93 C:42630.28
[2026-01-01 02:40:10] [INFO] 📊 New Candle: O:42636.58 H:42636.58 L:42626.93 C:42632.57
[2026-01-01 02:40:12] [INFO] 📊 New Candle: O:42636.58 H:42636.58 L:42626.93 C:42627.31
[2026-01-01 02:40:14] [INFO] 📊 New Candle: O:42636.58 H:42639.48 L:42626.93 C:42639.48
[2026-01-01 02:40:16] [INFO] 📊 New Candle: O:42636.58 H:42643.26 L:42626.93 C:42643.26
[2026-01-01 02:40:18] [INFO] 📊 New Candle: O:42636.58 H:42643.26 L:42626.93 C:42639.62
[2026-01-01 02:40:20] [INFO] 📊 New Candle: O:42636.58 H:42643.62 L:42626.93 C:42643.62
[2026-01-01 02:40:22] [INFO] 📊 New Candle: O:42636.58 H:42645.82 L:42626.93 C:42645.82
[2026-01-01 02:40:24] [INFO] 📊 New Candle: O:42636.58 H:42649.81 L:42626.93 C:42649.81
[2026-01-01 02:40:26] [INFO] 📊 New Candle: O:42636.58 H:42662.60 L:42626.93 C:42662.60
[2026-01-01 02:40:28] [INFO] 📊 New Candle: O:42636.58 H:42665.76 L:42626.93 C:42665.76
[2026-01-01 02:40:30] [INFO] 📊 New Candle: O:42636.58 H:42671.27 L:42626.93 C:42671.27
[2026-01-01 02:40:32] [INFO] 📊 New Candle: O:42636.58 H:42671.27 L:42626.93 C:42664.14
[2026-01-01 02:40:34] [INFO] 📊 New Candle: O:42636.58 H:42671.27 L:42626.93 C:42659.25
[2026-01-01 02:40:36] [INFO] 📊 New Candle: O:42636.58 H:42671.27 L:42626.93 C:42649.01
[2026-01-01 02:40:38] [INFO] 📊 New Candle: O:42636.58 H:42671.27 L:42626.93 C:42650.69
[2026-01-01 02:40:40] [INFO] 📊 New Candle: O:42636.58 H:42671.27 L:42623.51 C:42623.51
[2026-01-01 02:40:42] [INFO] 📊 New Candle: O:42636.58 H:42671.27 L:42623.51 C:42627.12
[2026-01-01 02:40:44] [INFO] 📊 New Candle: O:42636.58 H:42671.27 L:42623.51 C:42623.59
[2026-01-01 02:40:46] [INFO] 📊 New Candle: O:42636.58 H:42671.27 L:42615.57 C:42615.57
[2026-01-01 02:40:48] [INFO] 📊 New Candle: O:42636.58 H:42671.27 L:42615.57 C:42635.24
[2026-01-01 02:40:50] [INFO] 📊 New Candle: O:42636.58 H:42671.27 L:42615.57 C:42637.52
[2026-01-01 02:40:52] [INFO] 📊 New Candle: O:42636.58 H:42671.27 L:42615.57 C:42630.66
[2026-01-01 02:40:54] [INFO] 📊 New Candle: O:42636.58 H:42671.27 L:42615.57 C:42623.03
[2026-01-01 02:40:56] [INFO] 📊 New Candle: O:42636.58 H:42671.27 L:42608.59 C:42608.59
[2026-01-01 02:40:58] [INFO] 📊 New Candle: O:42636.58 H:42671.27 L:42595.67 C:42595.67
[2026-01-01 02:41:00] [INFO] 📊 New Candle: O:42636.58 H:42671.27 L:42595.67 C:42602.03
[2026-01-01 02:41:02] [INFO] 📊 New Candle: O:42636.58 H:42671.27 L:42595.67 C:42597.75
[2026-01-01 02:41:04] [INFO] 📊 New Candle: O:42636.58 H:42671.27 L:42594.06 C:42594.06
[2026-01-01 02:41:06] [INFO] 📊 New Candle: O:42636.58 H:42671.27 L:42578.99 C:42578.99
[2026-01-01 02:41:08] [INFO] 📊 New Candle: O:42636.58 H:42671.27 L:42578.99 C:42584.34
[2026-01-01 02:41:10] [INFO] 📊 New Candle: O:42636.58 H:42671.27 L:42578.99 C:42591.39
[2026-01-01 02:41:12] [INFO] 📊 New Candle: O:42636.58 H:42671.27 L:42578.99 C:42600.36
[2026-01-01 02:41:14] [INFO] 📊 New Candle: O:42636.58 H:42671.27 L:42578.99 C:42601.23
[2026-01-01 02:41:16] [INFO] 📊 New Candle: O:42636.58 H:42671.27 L:42578.99 C:42591.70
[2026-01-01 02:41:18] [INFO] 📊 New Candle: O:42636.58 H:42671.27 L:42578.99 C:42601.20
[2026-01-01 02:41:20] [INFO] 📊 New Candle: O:42636.58 H:42671.27 L:42578.99 C:42600.80
[2026-01-01 02:41:22] [INFO] 📊 New Candle: O:42636.58 H:42671.27 L:42578.99 C:42600.98
[2026-01-01 02:41:24] [INFO] 📊 New Candle: O:42636.58 H:42671.27 L:42578.99 C:42598.61
[2026-01-01 02:41:26] [INFO] 📊 New Candle: O:42636.58 H:42671.27 L:42578.99 C:42588.64
[2026-01-01 02:41:28] [INFO] 📊 New Candle: O:42636.58 H:42671.27 L:42578.99 C:42579.82
[2026-01-01 02:41:30] [INFO] 📊 New Candle: O:42636.58 H:42671.27 L:42578.98 C:42578.98
[2026-01-01 02:41:32] [INFO] 📊 New Candle: O:42636.58 H:42671.27 L:42571.62 C:42571.62
[2026-01-01 02:41:34] [INFO] 📊 New Candle: O:42636.58 H:42671.27 L:42571.62 C:42577.05
[2026-01-01 02:41:36] [INFO] 📊 New Candle: O:42636.58 H:42671.27 L:42567.35 C:42567.35
[2026-01-01 02:41:38] [INFO] 📊 New Candle: O:42636.58 H:42671.27 L:42565.32 C:42565.32
[2026-01-01 02:41:40] [INFO] 📊 New Candle: O:42636.58 H:42671.27 L:42562.89 C:42562.89
[2026-01-01 02:41:42] [INFO] 📊 New Candle: O:42636.58 H:42671.27 L:42562.89 C:42568.06
[2026-01-01 02:41:44] [INFO] 📊 New Candle: O:42636.58 H:42671.27 L:42562.89 C:42575.51
[2026-01-01 02:41:46] [INFO] 📊 New Candle: O:42636.58 H:42671.27 L:42562.89 C:42578.72
[2026-01-01 02:41:48] [INFO] 📊 New Candle: O:42636.58 H:42671.27 L:42562.89 C:42581.15
[2026-01-01 02:41:50] [INFO] 📊 New Candle: O:42636.58 H:42671.27 L:42562.89 C:42569.51
[2026-01-01 02:41:52] [INFO] 📊 New Candle: O:42636.58 H:42671.27 L:42562.81 C:42562.81
[2026-01-01 02:41:54] [INFO] 📊 New Candle: O:42636.58 H:42671.27 L:42562.81 C:42565.40
[2026-01-01 02:41:56] [INFO] 📊 New Candle: O:42636.58 H:42671.27 L:42562.81 C:42564.62
[2026-01-01 02:41:58] [INFO] 📊 New Candle: O:42636.58 H:42671.27 L:42562.81 C:42566.65
[2026-01-01 02:42:00] [INFO] 📊 New Candle: O:42636.58 H:42671.27 L:42562.81 C:42570.24
[2026-01-01 02:42:02] [INFO] 📊 New Candle: O:42636.58 H:42671.27 L:42562.81 C:42571.66
[2026-01-01 02:42:04] [INFO] 📊 New Candle: O:42636.58 H:42671.27 L:42562.81 C:42565.34
[2026-01-01 02:42:06] [INFO] 📊 New Candle: O:42636.58 H:42671.27 L:42561.60 C:42561.60
[2026-01-01 02:42:08] [INFO] 📊 New Candle: O:42636.58 H:42671.27 L:42561.60 C:42574.78
[2026-01-01 02:42:10] [INFO] 📊 New Candle: O:42636.58 H:42671.27 L:42561.60 C:42566.43
[2026-01-01 02:42:12] [INFO] 📊 New Candle: O:42636.58 H:42671.27 L:42561.60 C:42564.47
[2026-01-01 02:42:14] [INFO] 📊 New Candle: O:42636.58 H:42671.27 L:42561.60 C:42563.70
[2026-01-01 02:42:16] [INFO] 📊 New Candle: O:42636.58 H:42671.27 L:42555.84 C:42555.84
[2026-01-01 02:42:18] [INFO] 📊 New Candle: O:42636.58 H:42671.27 L:42553.91 C:42553.91
[2026-01-01 02:42:20] [INFO] 📊 New Candle: O:42636.58 H:42671.27 L:42549.76 C:42549.76
[2026-01-01 02:42:22] [INFO] 📊 New Candle: O:42636.58 H:42671.27 L:42549.76 C:42549.76
[2026-01-01 02:42:24] [INFO] 📊 New Candle: O:42636.58 H:42671.27 L:42549.76 C:42552.97
[2026-01-01 02:42:26] [INFO] 📊 New Candle: O:42636.58 H:42671.27 L:42549.76 C:42560.10
[2026-01-01 02:42:28] [INFO] 📊 New Candle: O:42636.58 H:42671.27 L:42549.76 C:42551.99
[2026-01-01 02:42:30] [INFO] 📊 New Candle: O:42636.58 H:42671.27 L:42545.75 C:42545.75
[2026-01-01 02:42:32] [INFO] 📊 New Candle: O:42636.58 H:42671.27 L:42545.75 C:42551.48
[2026-01-01 02:42:34] [INFO] 📊 New Candle: O:42636.58 H:42671.27 L:42545.75 C:42556.50
[2026-01-01 02:42:36] [INFO] 📊 New Candle: O:42636.58 H:42671.27 L:42545.75 C:42569.78
[2026-01-01 02:42:38] [INFO] 📊 New Candle: O:42636.58 H:42671.27 L:42545.75 C:42559.11
[2026-01-01 02:42:40] [INFO] 📊 New Candle: O:42636.58 H:42671.27 L:42545.75 C:42565.50
[2026-01-01 02:42:42] [INFO] 📊 New Candle: O:42636.58 H:42671.27 L:42545.75 C:42554.50
[2026-01-01 02:42:44] [INFO] 📊 New Candle: O:42636.58 H:42671.27 L:42545.75 C:42554.89
[2026-01-01 02:42:46] [INFO] 📊 New Candle: O:42636.58 H:42671.27 L:42545.75 C:42563.90
[2026-01-01 02:42:48] [INFO] 📊 New Candle: O:42636.58 H:42671.27 L:42545.75 C:42569.78
[2026-01-01 02:42:50] [INFO] 📊 New Candle: O:42636.58 H:42671.27 L:42545.75 C:42570.65
[2026-01-01 02:42:52] [INFO] 📊 New Candle: O:42636.58 H:42671.27 L:42545.75 C:42562.61
[2026-01-01 02:42:54] [INFO] 📊 New Candle: O:42636.58 H:42671.27 L:42545.75 C:42569.19
[2026-01-01 02:42:56] [INFO] 📊 New Candle: O:42636.58 H:42671.27 L:42545.75 C:42563.65
[2026-01-01 02:42:58] [INFO] 📊 New Candle: O:42636.58 H:42671.27 L:42545.75 C:42558.25
[2026-01-01 02:43:00] [INFO] 📊 New Candle: O:42636.58 H:42671.27 L:42545.75 C:42555.21
[2026-01-01 02:43:02] [INFO] 📊 New Candle: O:42636.58 H:42671.27 L:42545.75 C:42565.67
[2026-01-01 02:43:04] [INFO] 📊 New Candle: O:42636.58 H:42671.27 L:42545.75 C:42563.50
[2026-01-01 02:43:06] [INFO] 📊 New Candle: O:42636.58 H:42671.27 L:42545.75 C:42557.86
[2026-01-01 02:43:08] [INFO] 📊 New Candle: O:42636.58 H:42671.27 L:42540.75 C:42540.75
[2026-01-01 02:43:10] [INFO] 📊 New Candle: O:42636.58 H:42671.27 L:42540.75 C:42545.29
[2026-01-01 02:43:12] [INFO] 📊 New Candle: O:42636.58 H:42671.27 L:42540.75 C:42543.29
[2026-01-01 02:43:14] [INFO] 📊 New Candle: O:42636.58 H:42671.27 L:42537.56 C:42537.56
[2026-01-01 02:43:16] [INFO] 📊 New Candle: O:42636.58 H:42671.27 L:42535.68 C:42535.68
[2026-01-01 02:43:18] [INFO] 📊 New Candle: O:42636.58 H:42671.27 L:42528.34 C:42528.34
[2026-01-01 02:43:20] [INFO] 📊 New Candle: O:42636.58 H:42671.27 L:42523.11 C:42523.11
[2026-01-01 02:43:22] [INFO] 📊 New Candle: O:42636.58 H:42671.27 L:42513.12 C:42513.12
[2026-01-01 02:43:24] [INFO] 📊 New Candle: O:42636.58 H:42671.27 L:42513.12 C:42516.54
[2026-01-01 02:43:26] [INFO] 📊 New Candle: O:42636.58 H:42671.27 L:42513.12 C:42521.86
[2026-01-01 02:43:28] [INFO] 📊 New Candle: O:42636.58 H:42671.27 L:42513.12 C:42522.23
[2026-01-01 02:43:30] [INFO] 📊 New Candle: O:42636.58 H:42671.27 L:42513.12 C:42521.33
[2026-01-01 02:43:32] [INFO] 📊 New Candle: O:42636.58 H:42671.27 L:42513.12 C:42525.38
[2026-01-01 02:43:34] [INFO] 📊 New Candle: O:42636.58 H:42671.27 L:42513.12 C:42527.37
[2026-01-01 02:43:36] [INFO] 📊 New Candle: O:42636.58 H:42671.27 L:42513.12 C:42529.79
[2026-01-01 02:43:38] [INFO] 📊 New Candle: O:42636.58 H:42671.27 L:42513.12 C:42527.10
[2026-01-01 02:43:40] [INFO] 📊 New Candle: O:42636.58 H:42671.27 L:42513.12 C:42526.29
[2026-01-01 02:43:42] [INFO] 📊 New Candle: O:42636.58 H:42671.27 L:42513.12 C:42524.62
[2026-01-01 02:43:44] [INFO] 📊 New Candle: O:42636.58 H:42671.27 L:42513.12 C:42532.74
[2026-01-01 02:43:46] [INFO] 📊 New Candle: O:42636.58 H:42671.27 L:42513.12 C:42533.00
[2026-01-01 02:43:48] [INFO] 📊 New Candle: O:42636.58 H:42671.27 L:42513.12 C:42535.09
[2026-01-01 02:43:50] [INFO] 📊 New Candle: O:42636.58 H:42671.27 L:42513.12 C:42542.76
[2026-01-01 02:43:52] [INFO] 📊 New Candle: O:42636.58 H:42671.27 L:42513.12 C:42539.78
[2026-01-01 02:43:54] [INFO] 📊 New Candle: O:42636.58 H:42671.27 L:42513.12 C:42532.75
[2026-01-01 02:43:56] [INFO] 📊 New Candle: O:42636.58 H:42671.27 L:42513.12 C:42531.44
[2026-01-01 02:43:58] [INFO] 📊 New Candle: O:42636.58 H:42671.27 L:42513.12 C:42545.93
[2026-01-01 02:44:00] [INFO] 📊 New Candle: O:42636.58 H:42671.27 L:42513.12 C:42537.96
[2026-01-01 02:44:02] [INFO] 📊 New Candle: O:42636.58 H:42671.27 L:42513.12 C:42534.04
[2026-01-01 02:44:04] [INFO] 📊 New Candle: O:42636.58 H:42671.27 L:42513.12 C:42535.93
[2026-01-01 02:44:06] [INFO] 📊 New Candle: O:42636.58 H:42671.27 L:42513.12 C:42536.11
[2026-01-01 02:44:08] [INFO] 📊 New Candle: O:42636.58 H:42671.27 L:42513.12 C:42531.85
[2026-01-01 02:44:10] [INFO] 📊 New Candle: O:42636.58 H:42671.27 L:42513.12 C:42521.52
[2026-01-01 02:44:12] [INFO] 📊 New Candle: O:42636.58 H:42671.27 L:42513.12 C:42518.33
[2026-01-01 02:44:14] [INFO] 📊 New Candle: O:42636.58 H:42671.27 L:42513.12 C:42517.59
[2026-01-01 02:44:16] [INFO] 📊 New Candle: O:42636.58 H:42671.27 L:42513.12 C:42521.61
[2026-01-01 02:44:18] [INFO] 📊 New Candle: O:42636.58 H:42671.27 L:42513.12 C:42520.94
[2026-01-01 02:44:20] [INFO] 📊 New Candle: O:42636.58 H:42671.27 L:42513.12 C:42524.71
[2026-01-01 02:44:22] [INFO] 📊 New Candle: O:42636.58 H:42671.27 L:42513.12 C:42532.56
[2026-01-01 02:44:24] [INFO] 📊 New Candle: O:42636.58 H:42671.27 L:42513.12 C:42526.38
[2026-01-01 02:44:26] [INFO] 📊 New Candle: O:42636.58 H:42671.27 L:42513.12 C:42527.74
[2026-01-01 02:44:28] [INFO] 📊 New Candle: O:42636.58 H:42671.27 L:42513.12 C:42528.90
[2026-01-01 02:44:30] [INFO] 📊 New Candle: O:42636.58 H:42671.27 L:42513.12 C:42529.63
[2026-01-01 02:44:32] [INFO] 📊 New Candle: O:42636.58 H:42671.27 L:42513.12 C:42528.30
[2026-01-01 02:44:34] [INFO] 📊 New Candle: O:42636.58 H:42671.27 L:42513.12 C:42520.66
[2026-01-01 02:44:36] [INFO] 📊 New Candle: O:42636.58 H:42671.27 L:42513.12 C:42533.41
[2026-01-01 02:44:38] [INFO] 📊 New Candle: O:42636.58 H:42671.27 L:42513.12 C:42524.15
[2026-01-01 02:44:40] [INFO] 📊 New Candle: O:42636.58 H:42671.27 L:42513.12 C:42520.54
[2026-01-01 02:44:42] [INFO] 📊 New Candle: O:42636.58 H:42671.27 L:42513.12 C:42513.99
[2026-01-01 02:44:44] [INFO] 📊 New Candle: O:42636.58 H:42671.27 L:42496.70 C:42496.70
[2026-01-01 02:44:46] [INFO] 📊 New Candle: O:42636.58 H:42671.27 L:42486.12 C:42486.12
[2026-01-01 02:44:48] [INFO] 📊 New Candle: O:42636.58 H:42671.27 L:42484.68 C:42484.68
[2026-01-01 02:44:50] [INFO] 📊 New Candle: O:42636.58 H:42671.27 L:42484.68 C:42485.77
[2026-01-01 02:44:52] [INFO] 📊 New Candle: O:42636.58 H:42671.27 L:42484.68 C:42487.40
[2026-01-01 02:44:54] [INFO] 📊 New Candle: O:42636.58 H:42671.27 L:42479.55 C:42479.55
[2026-01-01 02:44:56] [INFO] 📊 New Candle: O:42636.58 H:42671.27 L:42479.55 C:42481.09
[2026-01-01 02:44:58] [INFO] 📊 New Candle: O:42636.58 H:42671.27 L:42477.29 C:42477.29
[2026-01-01 02:45:00] [INFO] 📊 New Candle: O:42474.99 H:42474.99 L:42474.99 C:42474.99
[2026-01-01 02:45:02] [INFO] 📊 New Candle: O:42474.99 H:42474.99 L:42464.71 C:42464.71
[2026-01-01 02:45:04] [INFO] 📊 New Candle: O:42474.99 H:42474.99 L:42464.71 C:42474.86
[2026-01-01 02:45:06] [INFO] 📊 New Candle: O:42474.99 H:42474.99 L:42464.71 C:42471.07
[2026-01-01 02:45:08] [INFO] 📊 New Candle: O:42474.99 H:42475.66 L:42464.71 C:42475.66
[2026-01-01 02:45:10] [INFO] 📊 New Candle: O:42474.99 H:42477.93 L:42464.71 C:42477.93
[2026-01-01 02:45:12] [INFO] 📊 New Candle: O:42474.99 H:42477.93 L:42464.71 C:42476.05
[2026-01-01 02:45:14] [INFO] 📊 New Candle: O:42474.99 H:42482.44 L:42464.71 C:42482.44
[2026-01-01 02:45:16] [INFO] 📊 New Candle: O:42474.99 H:42482.44 L:42464.71 C:42468.21
[2026-01-01 02:45:18] [INFO] 📊 New Candle: O:42474.99 H:42482.44 L:42464.71 C:42469.35
[2026-01-01 02:45:20] [INFO] 📊 New Candle: O:42474.99 H:42482.44 L:42464.71 C:42472.72
[2026-01-01 02:45:22] [INFO] 📊 New Candle: O:42474.99 H:42482.44 L:42464.71 C:42478.68
[2026-01-01 02:45:24] [INFO] 📊 New Candle: O:42474.99 H:42482.44 L:42464.71 C:42476.17
[2026-01-01 02:45:26] [INFO] 📊 New Candle: O:42474.99 H:42482.44 L:42464.71 C:42479.06
[2026-01-01 02:45:28] [INFO] 📊 New Candle: O:42474.99 H:42482.44 L:42464.71 C:42474.97
[2026-01-01 02:45:30] [INFO] 📊 New Candle: O:42474.99 H:42482.44 L:42464.71 C:42475.25
[2026-01-01 02:45:32] [INFO] 📊 New Candle: O:42474.99 H:42482.44 L:42464.71 C:42469.81
[2026-01-01 02:45:34] [INFO] 📊 New Candle: O:42474.99 H:42482.44 L:42456.48 C:42456.48
[2026-01-01 02:45:36] [INFO] 📊 New Candle: O:42474.99 H:42482.44 L:42453.89 C:42453.89
[2026-01-01 02:45:38] [INFO] 📊 New Candle: O:42474.99 H:42482.44 L:42451.44 C:42451.44
[2026-01-01 02:45:40] [INFO] 📊 New Candle: O:42474.99 H:42482.44 L:42451.44 C:42452.10
[2026-01-01 02:45:42] [INFO] 📊 New Candle: O:42474.99 H:42482.44 L:42451.44 C:42455.82
[2026-01-01 02:45:44] [INFO] 📊 New Candle: O:42474.99 H:42482.44 L:42448.96 C:42448.96
[2026-01-01 02:45:46] [INFO] 📊 New Candle: O:42474.99 H:42482.44 L:42439.83 C:42439.83
[2026-01-01 02:45:48] [INFO] 📊 New Candle: O:42474.99 H:42482.44 L:42430.28 C:42430.28
[2026-01-01 02:45:50] [INFO] 📊 New Candle: O:42474.99 H:42482.44 L:42430.28 C:42436.64
[2026-01-01 02:45:52] [INFO] 📊 New Candle: O:42474.99 H:42482.44 L:42430.28 C:42433.08
[2026-01-01 02:45:54] [INFO] 📊 New Candle: O:42474.99 H:42482.44 L:42425.44 C:42425.44
[2026-01-01 02:45:56] [INFO] 📊 New Candle: O:42474.99 H:42482.44 L:42425.44 C:42430.62
[2026-01-01 02:45:58] [INFO] 📊 New Candle: O:42474.99 H:42482.44 L:42425.44 C:42432.79
[2026-01-01 02:46:00] [INFO] 📊 New Candle: O:42474.99 H:42482.44 L:42425.44 C:42426.87
[2026-01-01 02:46:02] [INFO] 📊 New Candle: O:42474.99 H:42482.44 L:42425.44 C:42431.94
[2026-01-01 02:46:04] [INFO] 📊 New Candle: O:42474.99 H:42482.44 L:42417.81 C:42417.81
[2026-01-01 02:46:06] [INFO] 📊 New Candle: O:42474.99 H:42482.44 L:42417.81 C:42422.73
[2026-01-01 02:46:08] [INFO] 📊 New Candle: O:42474.99 H:42482.44 L:42415.13 C:42415.13
[2026-01-01 02:46:10] [INFO] 📊 New Candle: O:42474.99 H:42482.44 L:42405.32 C:42405.32
[2026-01-01 02:46:12] [INFO] 📊 New Candle: O:42474.99 H:42482.44 L:42394.54 C:42394.54
[2026-01-01 02:46:14] [INFO] 📊 New Candle: O:42474.99 H:42482.44 L:42394.54 C:42411.97
[2026-01-01 02:46:16] [INFO] 📊 New Candle: O:42474.99 H:42482.44 L:42394.54 C:42412.03
[2026-01-01 02:46:18] [INFO] 📊 New Candle: O:42474.99 H:42482.44 L:42394.54 C:42406.29
[2026-01-01 02:46:20] [INFO] 📊 New Candle: O:42474.99 H:42482.44 L:42394.54 C:42404.63
[2026-01-01 02:46:22] [INFO] 📊 New Candle: O:42474.99 H:42482.44 L:42394.54 C:42415.13
[2026-01-01 02:46:24] [INFO] 📊 New Candle: O:42474.99 H:42482.44 L:42394.54 C:42414.77
[2026-01-01 02:46:26] [INFO] 📊 New Candle: O:42474.99 H:42482.44 L:42394.54 C:42413.55
[2026-01-01 02:46:28] [INFO] 📊 New Candle: O:42474.99 H:42482.44 L:42394.54 C:42420.66
[2026-01-01 02:46:30] [INFO] 📊 New Candle: O:42474.99 H:42482.44 L:42394.54 C:42410.06
[2026-01-01 02:46:32] [INFO] 📊 New Candle: O:42474.99 H:42482.44 L:42394.54 C:42402.55
[2026-01-01 02:46:34] [INFO] 📊 New Candle: O:42474.99 H:42482.44 L:42394.54 C:42407.79
[2026-01-01 02:46:36] [INFO] 📊 New Candle: O:42474.99 H:42482.44 L:42394.54 C:42405.32
[2026-01-01 02:46:38] [INFO] 📊 New Candle: O:42474.99 H:42482.44 L:42394.54 C:42422.73
[2026-01-01 02:46:40] [INFO] 📊 New Candle: O:42474.99 H:42482.44 L:42394.54 C:42414.11
[2026-01-01 02:46:42] [INFO] 📊 New Candle: O:42474.99 H:42482.44 L:42394.54 C:42424.69
[2026-01-01 02:46:44] [INFO] 📊 New Candle: O:42474.99 H:42482.44 L:42394.54 C:42406.26
[2026-01-01 02:46:46] [INFO] 📊 New Candle: O:42474.99 H:42482.44 L:42394.54 C:42402.67
[2026-01-01 02:46:48] [INFO] 📊 New Candle: O:42474.99 H:42482.44 L:42394.54 C:42399.46
[2026-01-01 02:46:50] [INFO] 📊 New Candle: O:42474.99 H:42482.44 L:42394.54 C:42405.02
[2026-01-01 02:46:52] [INFO] 📊 New Candle: O:42474.99 H:42482.44 L:42394.54 C:42408.62
[2026-01-01 02:46:54] [INFO] 📊 New Candle: O:42474.99 H:42482.44 L:42394.54 C:42398.33
[2026-01-01 02:46:56] [INFO] 📊 New Candle: O:42474.99 H:42482.44 L:42394.54 C:42397.42
[2026-01-01 02:46:58] [INFO] 📊 New Candle: O:42474.99 H:42482.44 L:42394.54 C:42395.29
[2026-01-01 02:47:00] [INFO] 📊 New Candle: O:42474.99 H:42482.44 L:42394.54 C:42395.40
[2026-01-01 02:47:02] [INFO] 📊 New Candle: O:42474.99 H:42482.44 L:42394.54 C:42395.23
[2026-01-01 02:47:04] [INFO] 📊 New Candle: O:42474.99 H:42482.44 L:42394.54 C:42396.75
[2026-01-01 02:47:06] [INFO] 📊 New Candle: O:42474.99 H:42482.44 L:42382.58 C:42382.58
[2026-01-01 02:47:08] [INFO] 📊 New Candle: O:42474.99 H:42482.44 L:42382.58 C:42392.29
[2026-01-01 02:47:10] [INFO] 📊 New Candle: O:42474.99 H:42482.44 L:42382.58 C:42389.14
[2026-01-01 02:47:12] [INFO] 📊 New Candle: O:42474.99 H:42482.44 L:42382.48 C:42382.48
[2026-01-01 02:47:14] [INFO] 📊 New Candle: O:42474.99 H:42482.44 L:42381.31 C:42381.31
[2026-01-01 02:47:16] [INFO] 📊 New Candle: O:42474.99 H:42482.44 L:42378.92 C:42378.92
[2026-01-01 02:47:18] [INFO] 📊 New Candle: O:42474.99 H:42482.44 L:42378.92 C:42380.05
[2026-01-01 02:47:20] [INFO] 📊 New Candle: O:42474.99 H:42482.44 L:42375.47 C:42375.47
[2026-01-01 02:47:22] [INFO] 📊 New Candle: O:42474.99 H:42482.44 L:42375.47 C:42378.97
[2026-01-01 02:47:24] [INFO] 📊 New Candle: O:42474.99 H:42482.44 L:42375.47 C:42387.32
[2026-01-01 02:47:26] [INFO] 📊 New Candle: O:42474.99 H:42482.44 L:42375.47 C:42380.63
[2026-01-01 02:47:28] [INFO] 📊 New Candle: O:42474.99 H:42482.44 L:42369.99 C:42369.99
[2026-01-01 02:47:30] [INFO] 📊 New Candle: O:42474.99 H:42482.44 L:42369.99 C:42374.97
[2026-01-01 02:47:32] [INFO] 📊 New Candle: O:42474.99 H:42482.44 L:42369.99 C:42376.76
[2026-01-01 02:47:34] [INFO] 📊 New Candle: O:42474.99 H:42482.44 L:42369.99 C:42386.68
[2026-01-01 02:47:36] [INFO] 📊 New Candle: O:42474.99 H:42482.44 L:42369.99 C:42372.82
[2026-01-01 02:47:38] [INFO] 📊 New Candle: O:42474.99 H:42482.44 L:42369.99 C:42373.72
[2026-01-01 02:47:40] [INFO] 📊 New Candle: O:42474.99 H:42482.44 L:42362.10 C:42362.10
[2026-01-01 02:47:42] [INFO] 📊 New Candle: O:42474.99 H:42482.44 L:42356.73 C:42356.73
[2026-01-01 02:47:44] [INFO] 📊 New Candle: O:42474.99 H:42482.44 L:42353.51 C:42353.51
[2026-01-01 02:47:46] [INFO] 📊 New Candle: O:42474.99 H:42482.44 L:42353.51 C:42358.40
[2026-01-01 02:47:48] [INFO] 📊 New Candle: O:42474.99 H:42482.44 L:42353.51 C:42373.63
[2026-01-01 02:47:50] [INFO] 📊 New Candle: O:42474.99 H:42482.44 L:42353.51 C:42371.60
[2026-01-01 02:47:52] [INFO] 📊 New Candle: O:42474.99 H:42482.44 L:42353.51 C:42358.94
[2026-01-01 02:47:54] [INFO] 📊 New Candle: O:42474.99 H:42482.44 L:42353.51 C:42362.41
[2026-01-01 02:47:56] [INFO] 📊 New Candle: O:42474.99 H:42482.44 L:42353.51 C:42366.81
[2026-01-01 02:47:58] [INFO] 📊 New Candle: O:42474.99 H:42482.44 L:42353.51 C:42362.09
[2026-01-01 02:48:00] [INFO] 📊 New Candle: O:42474.99 H:42482.44 L:42353.51 C:42369.67
[2026-01-01 02:48:02] [INFO] 📊 New Candle: O:42474.99 H:42482.44 L:42353.51 C:42368.13
[2026-01-01 02:48:04] [INFO] 📊 New Candle: O:42474.99 H:42482.44 L:42353.51 C:42376.91
[2026-01-01 02:48:06] [INFO] 📊 New Candle: O:42474.99 H:42482.44 L:42353.51 C:42387.58
[2026-01-01 02:48:08] [INFO] 📊 New Candle: O:42474.99 H:42482.44 L:42353.51 C:42389.36
[2026-01-01 02:48:10] [INFO] 📊 New Candle: O:42474.99 H:42482.44 L:42353.51 C:42392.74
[2026-01-01 02:48:12] [INFO] 📊 New Candle: O:42474.99 H:42482.44 L:42353.51 C:42397.33
[2026-01-01 02:48:14] [INFO] 📊 New Candle: O:42474.99 H:42482.44 L:42353.51 C:42408.84
[2026-01-01 02:48:16] [INFO] 📊 New Candle: O:42474.99 H:42482.44 L:42353.51 C:42408.17
[2026-01-01 02:48:18] [INFO] 📊 New Candle: O:42474.99 H:42482.44 L:42353.51 C:42412.16
[2026-01-01 02:48:20] [INFO] 📊 New Candle: O:42474.99 H:42482.44 L:42353.51 C:42419.43
[2026-01-01 02:48:22] [INFO] 📊 New Candle: O:42474.99 H:42482.44 L:42353.51 C:42415.10
[2026-01-01 02:48:24] [INFO] 📊 New Candle: O:42474.99 H:42482.44 L:42353.51 C:42415.60
[2026-01-01 02:48:26] [INFO] 📊 New Candle: O:42474.99 H:42482.44 L:42353.51 C:42414.46
[2026-01-01 02:48:28] [INFO] 📊 New Candle: O:42474.99 H:42482.44 L:42353.51 C:42424.20
[2026-01-01 02:48:30] [INFO] 📊 New Candle: O:42474.99 H:42482.44 L:42353.51 C:42429.13
[2026-01-01 02:48:32] [INFO] 📊 New Candle: O:42474.99 H:42482.44 L:42353.51 C:42423.06
[2026-01-01 02:48:34] [INFO] 📊 New Candle: O:42474.99 H:42482.44 L:42353.51 C:42415.75
[2026-01-01 02:48:36] [INFO] 📊 New Candle: O:42474.99 H:42482.44 L:42353.51 C:42426.12
[2026-01-01 02:48:38] [INFO] 📊 New Candle: O:42474.99 H:42482.44 L:42353.51 C:42430.36
[2026-01-01 02:48:40] [INFO] 📊 New Candle: O:42474.99 H:42482.44 L:42353.51 C:42431.53
[2026-01-01 02:48:42] [INFO] 📊 New Candle: O:42474.99 H:42482.44 L:42353.51 C:42433.52
[2026-01-01 02:48:44] [INFO] 📊 New Candle: O:42474.99 H:42482.44 L:42353.51 C:42439.63
[2026-01-01 02:48:46] [INFO] 📊 New Candle: O:42474.99 H:42482.44 L:42353.51 C:42446.92
[2026-01-01 02:48:48] [INFO] 📊 New Candle: O:42474.99 H:42482.44 L:42353.51 C:42441.38
[2026-01-01 02:48:50] [INFO] 📊 New Candle: O:42474.99 H:42482.44 L:42353.51 C:42450.46
[2026-01-01 02:48:52] [INFO] 📊 New Candle: O:42474.99 H:42482.44 L:42353.51 C:42452.39
[2026-01-01 02:48:54] [INFO] 📊 New Candle: O:42474.99 H:42482.44 L:42353.51 C:42449.89
[2026-01-01 02:48:56] [INFO] 📊 New Candle: O:42474.99 H:42482.44 L:42353.51 C:42458.55
[2026-01-01 02:48:58] [INFO] 📊 New Candle: O:42474.99 H:42482.44 L:42353.51 C:42467.86
[2026-01-01 02:49:00] [INFO] 📊 New Candle: O:42474.99 H:42482.44 L:42353.51 C:42465.57
[2026-01-01 02:49:02] [INFO] 📊 New Candle: O:42474.99 H:42482.44 L:42353.51 C:42463.54
[2026-01-01 02:49:04] [INFO] 📊 New Candle: O:42474.99 H:42482.44 L:42353.51 C:42455.53
[2026-01-01 02:49:06] [INFO] 📊 New Candle: O:42474.99 H:42482.44 L:42353.51 C:42454.93
[2026-01-01 02:49:08] [INFO] 📊 New Candle: O:42474.99 H:42482.44 L:42353.51 C:42446.58
[2026-01-01 02:49:10] [INFO] 📊 New Candle: O:42474.99 H:42482.44 L:42353.51 C:42442.62
[2026-01-01 02:49:12] [INFO] 📊 New Candle: O:42474.99 H:42482.44 L:42353.51 C:42447.89
[2026-01-01 02:49:14] [INFO] 📊 New Candle: O:42474.99 H:42482.44 L:42353.51 C:42447.12
[2026-01-01 02:49:16] [INFO] 📊 New Candle: O:42474.99 H:42482.44 L:42353.51 C:42454.65
[2026-01-01 02:49:18] [INFO] 📊 New Candle: O:42474.99 H:42482.44 L:42353.51 C:42443.58
[2026-01-01 02:49:20] [INFO] 📊 New Candle: O:42474.99 H:42482.44 L:42353.51 C:42432.70
[2026-01-01 02:49:22] [INFO] 📊 New Candle: O:42474.99 H:42482.44 L:42353.51 C:42440.03
[2026-01-01 02:49:24] [INFO] 📊 New Candle: O:42474.99 H:42482.44 L:42353.51 C:42441.56
[2026-01-01 02:49:26] [INFO] 📊 New Candle: O:42474.99 H:42482.44 L:42353.51 C:42430.42
[2026-01-01 02:49:28] [INFO] 📊 New Candle: O:42474.99 H:42482.44 L:42353.51 C:42415.49
[2026-01-01 02:49:30] [INFO] 📊 New Candle: O:42474.99 H:42482.44 L:42353.51 C:42417.12
[2026-01-01 02:49:32] [INFO] 📊 New Candle: O:42474.99 H:42482.44 L:42353.51 C:42404.00
[2026-01-01 02:49:34] [INFO] 📊 New Candle: O:42474.99 H:42482.44 L:42353.51 C:42394.04
[2026-01-01 02:49:36] [INFO] 📊 New Candle: O:42474.99 H:42482.44 L:42353.51 C:42401.73
[2026-01-01 02:49:38] [INFO] 📊 New Candle: O:42474.99 H:42482.44 L:42353.51 C:42386.03
[2026-01-01 02:49:40] [INFO] 📊 New Candle: O:42474.99 H:42482.44 L:42353.51 C:42373.00
[2026-01-01 02:49:42] [INFO] 📊 New Candle: O:42474.99 H:42482.44 L:42353.51 C:42373.19
[2026-01-01 02:49:44] [INFO] 📊 New Candle: O:42474.99 H:42482.44 L:42353.51 C:42372.40
[2026-01-01 02:49:46] [INFO] 📊 New Candle: O:42474.99 H:42482.44 L:42353.51 C:42373.27
[2026-01-01 02:49:48] [INFO] 📊 New Candle: O:42474.99 H:42482.44 L:42353.51 C:42363.12
[2026-01-01 02:49:50] [INFO] 📊 New Candle: O:42474.99 H:42482.44 L:42353.51 C:42366.66
[2026-01-01 02:49:52] [INFO] 📊 New Candle: O:42474.99 H:42482.44 L:42353.51 C:42363.79
[2026-01-01 02:49:54] [INFO] 📊 New Candle: O:42474.99 H:42482.44 L:42353.51 C:42364.61
[2026-01-01 02:49:56] [INFO] 📊 New Candle: O:42474.99 H:42482.44 L:42353.51 C:42358.76
[2026-01-01 02:49:58] [INFO] 📊 New Candle: O:42474.99 H:42482.44 L:42353.51 C:42366.04
[2026-01-01 02:50:00] [INFO] 📊 New Candle: O:42368.05 H:42368.05 L:42368.05 C:42368.05
[2026-01-01 02:50:02] [INFO] 📊 New Candle: O:42368.05 H:42368.05 L:42366.28 C:42366.28
[2026-01-01 02:50:04] [INFO] 📊 New Candle: O:42368.05 H:42370.22 L:42366.28 C:42370.22
[2026-01-01 02:50:06] [INFO] 📊 New Candle: O:42368.05 H:42370.22 L:42366.28 C:42367.14
[2026-01-01 02:50:08] [INFO] 📊 New Candle: O:42368.05 H:42380.97 L:42366.28 C:42380.97
[2026-01-01 02:50:10] [INFO] 📊 New Candle: O:42368.05 H:42382.16 L:42366.28 C:42382.16
[2026-01-01 02:50:10] [TRADE] 🎯 SHORT SIGNAL DETECTED {"signal":"SHORT","reason":"Downtrend + EMA alignment + Overbought + Pullback","confidence":"HIGH"}
[2026-01-01 02:50:10] [TRADE] 📝 Executing PUT trade...
[2026-01-01 02:50:11] [INFO] 📋 Proposal received {"id":"27fb0401-fc18-a548-6711-aa98a9840297","payout":1.95,"ask_price":1}
[2026-01-01 02:50:11] [SUCCESS] Trade executed! {"contract_id":302903750228,"buy_price":1,"potential_payout":1.95}
[2026-01-01 02:50:12] [INFO] 📊 New Candle: O:42368.05 H:42382.16 L:42366.28 C:42379.69
[2026-01-01 02:50:14] [INFO] 📊 New Candle: O:42368.05 H:42382.16 L:42366.28 C:42381.17
[2026-01-01 02:50:16] [INFO] 📊 New Candle: O:42368.05 H:42392.14 L:42366.28 C:42392.14
[2026-01-01 02:50:18] [INFO] 📊 New Candle: O:42368.05 H:42392.14 L:42366.28 C:42381.27
[2026-01-01 02:50:20] [INFO] 📊 New Candle: O:42368.05 H:42392.14 L:42366.28 C:42382.42
[2026-01-01 02:50:22] [INFO] 📊 New Candle: O:42368.05 H:42392.14 L:42366.28 C:42380.50
[2026-01-01 02:50:24] [INFO] 📊 New Candle: O:42368.05 H:42392.14 L:42366.28 C:42384.05
[2026-01-01 02:50:26] [INFO] 📊 New Candle: O:42368.05 H:42392.14 L:42366.28 C:42383.27
[2026-01-01 02:50:28] [INFO] 📊 New Candle: O:42368.05 H:42392.14 L:42366.28 C:42384.35
[2026-01-01 02:50:30] [INFO] 📊 New Candle: O:42368.05 H:42392.14 L:42361.93 C:42361.93
[2026-01-01 02:50:32] [INFO] 📊 New Candle: O:42368.05 H:42392.14 L:42359.56 C:42359.56
[2026-01-01 02:50:34] [INFO] 📊 New Candle: O:42368.05 H:42392.14 L:42349.75 C:42349.75
[2026-01-01 02:50:36] [INFO] 📊 New Candle: O:42368.05 H:42392.14 L:42349.75 C:42356.43
[2026-01-01 02:50:38] [INFO] 📊 New Candle: O:42368.05 H:42392.14 L:42348.25 C:42348.25
[2026-01-01 02:50:40] [INFO] 📊 New Candle: O:42368.05 H:42392.14 L:42348.25 C:42348.57
[2026-01-01 02:50:42] [INFO] 📊 New Candle: O:42368.05 H:42392.14 L:42348.25 C:42351.93
[2026-01-01 02:50:44] [INFO] 📊 New Candle: O:42368.05 H:42392.14 L:42340.89 C:42340.89
[2026-01-01 02:50:46] [INFO] 📊 New Candle: O:42368.05 H:42392.14 L:42340.89 C:42345.70
[2026-01-01 02:50:48] [INFO] 📊 New Candle: O:42368.05 H:42392.14 L:42340.89 C:42346.28
[2026-01-01 02:50:50] [INFO] 📊 New Candle: O:42368.05 H:42392.14 L:42340.89 C:42355.78
[2026-01-01 02:50:52] [INFO] 📊 New Candle: O:42368.05 H:42392.14 L:42340.89 C:42352.75
[2026-01-01 02:50:54] [INFO] 📊 New Candle: O:42368.05 H:42392.14 L:42340.89 C:42355.37
[2026-01-01 02:50:56] [INFO] 📊 New Candle: O:42368.05 H:42392.14 L:42338.46 C:42338.46
[2026-01-01 02:50:58] [INFO] 📊 New Candle: O:42368.05 H:42392.14 L:42328.46 C:42328.46
[2026-01-01 02:51:00] [INFO] 📊 New Candle: O:42368.05 H:42392.14 L:42328.46 C:42336.69
[2026-01-01 02:51:02] [INFO] 📊 New Candle: O:42368.05 H:42392.14 L:42326.28 C:42326.28
[2026-01-01 02:51:04] [INFO] 📊 New Candle: O:42368.05 H:42392.14 L:42326.28 C:42333.43
[2026-01-01 02:51:06] [INFO] 📊 New Candle: O:42368.05 H:42392.14 L:42326.28 C:42336.15
[2026-01-01 02:51:08] [INFO] 📊 New Candle: O:42368.05 H:42392.14 L:42326.28 C:42332.15
[2026-01-01 02:51:10] [INFO] 📊 New Candle: O:42368.05 H:42392.14 L:42326.28 C:42345.00
[2026-01-01 02:51:12] [INFO] 📊 New Candle: O:42368.05 H:42392.14 L:42326.28 C:42330.77
[2026-01-01 02:51:14] [INFO] 📊 New Candle: O:42368.05 H:42392.14 L:42326.28 C:42341.68
[2026-01-01 02:51:16] [INFO] 📊 New Candle: O:42368.05 H:42392.14 L:42326.28 C:42352.46
[2026-01-01 02:51:18] [INFO] 📊 New Candle: O:42368.05 H:42392.14 L:42326.28 C:42372.69
[2026-01-01 02:51:20] [INFO] 📊 New Candle: O:42368.05 H:42392.14 L:42326.28 C:42369.55
[2026-01-01 02:51:22] [INFO] 📊 New Candle: O:42368.05 H:42392.14 L:42326.28 C:42377.64
[2026-01-01 02:51:24] [INFO] 📊 New Candle: O:42368.05 H:42392.14 L:42326.28 C:42375.40
[2026-01-01 02:51:26] [INFO] 📊 New Candle: O:42368.05 H:42392.14 L:42326.28 C:42373.18
[2026-01-01 02:51:28] [INFO] 📊 New Candle: O:42368.05 H:42392.14 L:42326.28 C:42382.41
[2026-01-01 02:51:30] [INFO] 📊 New Candle: O:42368.05 H:42392.14 L:42326.28 C:42373.36
[2026-01-01 02:51:32] [INFO] 📊 New Candle: O:42368.05 H:42392.14 L:42326.28 C:42381.35
[2026-01-01 02:51:34] [INFO] 📊 New Candle: O:42368.05 H:42392.14 L:42326.28 C:42387.95
[2026-01-01 02:51:36] [INFO] 📊 New Candle: O:42368.05 H:42392.14 L:42326.28 C:42385.23
[2026-01-01 02:51:38] [INFO] 📊 New Candle: O:42368.05 H:42392.14 L:42326.28 C:42384.89
[2026-01-01 02:51:40] [INFO] 📊 New Candle: O:42368.05 H:42392.14 L:42326.28 C:42380.96
[2026-01-01 02:51:42] [INFO] 📊 New Candle: O:42368.05 H:42392.14 L:42326.28 C:42366.65
[2026-01-01 02:51:44] [INFO] 📊 New Candle: O:42368.05 H:42392.14 L:42326.28 C:42369.29
[2026-01-01 02:51:46] [INFO] 📊 New Candle: O:42368.05 H:42392.14 L:42326.28 C:42350.69
[2026-01-01 02:51:48] [INFO] 📊 New Candle: O:42368.05 H:42392.14 L:42326.28 C:42354.87
[2026-01-01 02:51:50] [INFO] 📊 New Candle: O:42368.05 H:42392.14 L:42326.28 C:42356.17
[2026-01-01 02:51:52] [INFO] 📊 New Candle: O:42368.05 H:42392.14 L:42326.28 C:42351.82
[2026-01-01 02:51:54] [INFO] 📊 New Candle: O:42368.05 H:42392.14 L:42326.28 C:42351.08
[2026-01-01 02:51:56] [INFO] 📊 New Candle: O:42368.05 H:42392.14 L:42326.28 C:42359.98
[2026-01-01 02:51:58] [INFO] 📊 New Candle: O:42368.05 H:42392.14 L:42326.28 C:42367.62
[2026-01-01 02:52:00] [INFO] 📊 New Candle: O:42368.05 H:42392.14 L:42326.28 C:42364.91
[2026-01-01 02:52:02] [INFO] 📊 New Candle: O:42368.05 H:42392.14 L:42326.28 C:42365.98
[2026-01-01 02:52:04] [INFO] 📊 New Candle: O:42368.05 H:42392.14 L:42326.28 C:42372.70
[2026-01-01 02:52:06] [INFO] 📊 New Candle: O:42368.05 H:42392.14 L:42326.28 C:42368.33
[2026-01-01 02:52:08] [INFO] 📊 New Candle: O:42368.05 H:42392.14 L:42326.28 C:42372.78
[2026-01-01 02:52:10] [INFO] 📊 New Candle: O:42368.05 H:42392.14 L:42326.28 C:42381.21
[2026-01-01 02:52:12] [INFO] 📊 New Candle: O:42368.05 H:42392.14 L:42326.28 C:42374.69
[2026-01-01 02:52:14] [INFO] 📊 New Candle: O:42368.05 H:42392.14 L:42326.28 C:42368.93
[2026-01-01 02:52:16] [INFO] 📊 New Candle: O:42368.05 H:42392.14 L:42326.28 C:42368.74
[2026-01-01 02:52:18] [INFO] 📊 New Candle: O:42368.05 H:42392.14 L:42326.28 C:42358.82
[2026-01-01 02:52:20] [INFO] 📊 New Candle: O:42368.05 H:42392.14 L:42326.28 C:42352.02
[2026-01-01 02:52:22] [INFO] 📊 New Candle: O:42368.05 H:42392.14 L:42326.28 C:42355.71
[2026-01-01 02:52:24] [INFO] 📊 New Candle: O:42368.05 H:42392.14 L:42326.28 C:42351.29
[2026-01-01 02:52:26] [INFO] 📊 New Candle: O:42368.05 H:42392.14 L:42326.28 C:42361.80
[2026-01-01 02:52:28] [INFO] 📊 New Candle: O:42368.05 H:42392.14 L:42326.28 C:42358.56
[2026-01-01 02:52:30] [INFO] 📊 New Candle: O:42368.05 H:42392.14 L:42326.28 C:42359.73
[2026-01-01 02:52:32] [INFO] 📊 New Candle: O:42368.05 H:42392.14 L:42326.28 C:42369.91
[2026-01-01 02:52:34] [INFO] 📊 New Candle: O:42368.05 H:42392.14 L:42326.28 C:42362.06
[2026-01-01 02:52:36] [INFO] 📊 New Candle: O:42368.05 H:42392.14 L:42326.28 C:42368.99
[2026-01-01 02:52:38] [INFO] 📊 New Candle: O:42368.05 H:42392.14 L:42326.28 C:42355.68
[2026-01-01 02:52:40] [INFO] 📊 New Candle: O:42368.05 H:42392.14 L:42326.28 C:42347.20
[2026-01-01 02:52:42] [INFO] 📊 New Candle: O:42368.05 H:42392.14 L:42326.28 C:42360.91
[2026-01-01 02:52:44] [INFO] 📊 New Candle: O:42368.05 H:42392.14 L:42326.28 C:42357.68
[2026-01-01 02:52:46] [INFO] 📊 New Candle: O:42368.05 H:42392.14 L:42326.28 C:42367.63
[2026-01-01 02:52:48] [INFO] 📊 New Candle: O:42368.05 H:42392.14 L:42326.28 C:42363.97
[2026-01-01 02:52:50] [INFO] 📊 New Candle: O:42368.05 H:42392.14 L:42326.28 C:42362.41
[2026-01-01 02:52:52] [INFO] 📊 New Candle: O:42368.05 H:42392.14 L:42326.28 C:42369.96
[2026-01-01 02:52:54] [INFO] 📊 New Candle: O:42368.05 H:42392.14 L:42326.28 C:42368.94
[2026-01-01 02:52:56] [INFO] 📊 New Candle: O:42368.05 H:42393.28 L:42326.28 C:42393.28
[2026-01-01 02:52:58] [INFO] 📊 New Candle: O:42368.05 H:42393.28 L:42326.28 C:42392.95
[2026-01-01 02:53:00] [INFO] 📊 New Candle: O:42368.05 H:42396.76 L:42326.28 C:42396.76
[2026-01-01 02:53:02] [INFO] 📊 New Candle: O:42368.05 H:42396.76 L:42326.28 C:42390.40
[2026-01-01 02:53:04] [INFO] 📊 New Candle: O:42368.05 H:42396.76 L:42326.28 C:42392.56
[2026-01-01 02:53:06] [INFO] 📊 New Candle: O:42368.05 H:42400.32 L:42326.28 C:42400.32
[2026-01-01 02:53:08] [INFO] 📊 New Candle: O:42368.05 H:42400.32 L:42326.28 C:42394.63
[2026-01-01 02:53:10] [INFO] 📊 New Candle: O:42368.05 H:42401.51 L:42326.28 C:42401.51
[2026-01-01 02:53:12] [INFO] 📊 New Candle: O:42368.05 H:42401.51 L:42326.28 C:42393.36
[2026-01-01 02:53:14] [INFO] 📊 New Candle: O:42368.05 H:42401.51 L:42326.28 C:42396.28
[2026-01-01 02:53:16] [INFO] 📊 New Candle: O:42368.05 H:42401.51 L:42326.28 C:42398.38
[2026-01-01 02:53:18] [INFO] 📊 New Candle: O:42368.05 H:42401.51 L:42326.28 C:42397.87
[2026-01-01 02:53:20] [INFO] 📊 New Candle: O:42368.05 H:42401.51 L:42326.28 C:42398.59
[2026-01-01 02:53:22] [INFO] 📊 New Candle: O:42368.05 H:42401.51 L:42326.28 C:42398.96
[2026-01-01 02:53:24] [INFO] 📊 New Candle: O:42368.05 H:42402.98 L:42326.28 C:42402.98
[2026-01-01 02:53:26] [INFO] 📊 New Candle: O:42368.05 H:42406.30 L:42326.28 C:42406.30
[2026-01-01 02:53:28] [INFO] 📊 New Candle: O:42368.05 H:42413.87 L:42326.28 C:42413.87
[2026-01-01 02:53:30] [INFO] 📊 New Candle: O:42368.05 H:42413.87 L:42326.28 C:42403.71
[2026-01-01 02:53:32] [INFO] 📊 New Candle: O:42368.05 H:42413.87 L:42326.28 C:42405.43
[2026-01-01 02:53:34] [INFO] 📊 New Candle: O:42368.05 H:42413.87 L:42326.28 C:42384.87
[2026-01-01 02:53:36] [INFO] 📊 New Candle: O:42368.05 H:42413.87 L:42326.28 C:42382.55
[2026-01-01 02:53:38] [INFO] 📊 New Candle: O:42368.05 H:42413.87 L:42326.28 C:42382.97
[2026-01-01 02:53:40] [INFO] 📊 New Candle: O:42368.05 H:42413.87 L:42326.28 C:42385.75
[2026-01-01 02:53:42] [INFO] 📊 New Candle: O:42368.05 H:42413.87 L:42326.28 C:42400.17
[2026-01-01 02:53:44] [INFO] 📊 New Candle: O:42368.05 H:42413.87 L:42326.28 C:42391.68
[2026-01-01 02:53:46] [INFO] 📊 New Candle: O:42368.05 H:42413.87 L:42326.28 C:42375.36
[2026-01-01 02:53:48] [INFO] 📊 New Candle: O:42368.05 H:42413.87 L:42326.28 C:42395.13
[2026-01-01 02:53:50] [INFO] 📊 New Candle: O:42368.05 H:42413.87 L:42326.28 C:42391.82
[2026-01-01 02:53:52] [INFO] 📊 New Candle: O:42368.05 H:42413.87 L:42326.28 C:42375.49
[2026-01-01 02:53:54] [INFO] 📊 New Candle: O:42368.05 H:42413.87 L:42326.28 C:42360.44
[2026-01-01 02:53:56] [INFO] 📊 New Candle: O:42368.05 H:42413.87 L:42326.28 C:42354.21
[2026-01-01 02:53:58] [INFO] 📊 New Candle: O:42368.05 H:42413.87 L:42326.28 C:42361.29
[2026-01-01 02:54:00] [INFO] 📊 New Candle: O:42368.05 H:42413.87 L:42326.28 C:42367.40
[2026-01-01 02:54:02] [INFO] 📊 New Candle: O:42368.05 H:42413.87 L:42326.28 C:42361.68
[2026-01-01 02:54:04] [INFO] 📊 New Candle: O:42368.05 H:42413.87 L:42326.28 C:42360.38
[2026-01-01 02:54:06] [INFO] 📊 New Candle: O:42368.05 H:42413.87 L:42326.28 C:42348.99
[2026-01-01 02:54:08] [INFO] 📊 New Candle: O:42368.05 H:42413.87 L:42326.28 C:42353.36
[2026-01-01 02:54:10] [INFO] 📊 New Candle: O:42368.05 H:42413.87 L:42326.28 C:42365.34
[2026-01-01 02:54:12] [INFO] 📊 New Candle: O:42368.05 H:42413.87 L:42326.28 C:42373.01
[2026-01-01 02:54:14] [INFO] 📊 New Candle: O:42368.05 H:42413.87 L:42326.28 C:42377.56
[2026-01-01 02:54:16] [INFO] 📊 New Candle: O:42368.05 H:42413.87 L:42326.28 C:42387.33
[2026-01-01 02:54:18] [INFO] 📊 New Candle: O:42368.05 H:42413.87 L:42326.28 C:42378.84
[2026-01-01 02:54:20] [INFO] 📊 New Candle: O:42368.05 H:42413.87 L:42326.28 C:42376.32
[2026-01-01 02:54:22] [INFO] 📊 New Candle: O:42368.05 H:42413.87 L:42326.28 C:42381.97
[2026-01-01 02:54:24] [INFO] 📊 New Candle: O:42368.05 H:42413.87 L:42326.28 C:42395.31
[2026-01-01 02:54:26] [INFO] 📊 New Candle: O:42368.05 H:42413.87 L:42326.28 C:42397.72
[2026-01-01 02:54:28] [INFO] 📊 New Candle: O:42368.05 H:42413.87 L:42326.28 C:42384.14
[2026-01-01 02:54:30] [INFO] 📊 New Candle: O:42368.05 H:42413.87 L:42326.28 C:42384.94
[2026-01-01 02:54:32] [INFO] 📊 New Candle: O:42368.05 H:42413.87 L:42326.28 C:42380.29
[2026-01-01 02:54:34] [INFO] 📊 New Candle: O:42368.05 H:42413.87 L:42326.28 C:42398.59
[2026-01-01 02:54:36] [INFO] 📊 New Candle: O:42368.05 H:42413.87 L:42326.28 C:42407.13
[2026-01-01 02:54:38] [INFO] 📊 New Candle: O:42368.05 H:42413.87 L:42326.28 C:42396.38
[2026-01-01 02:54:40] [INFO] 📊 New Candle: O:42368.05 H:42413.87 L:42326.28 C:42406.78
[2026-01-01 02:54:42] [INFO] 📊 New Candle: O:42368.05 H:42413.87 L:42326.28 C:42403.25
[2026-01-01 02:54:51] [INFO] 📊 New Candle: O:42368.05 H:42413.87 L:42326.28 C:42388.68
[2026-01-01 02:54:51] [INFO] 📊 New Candle: O:42368.05 H:42413.87 L:42326.28 C:42387.71
[2026-01-01 02:54:51] [INFO] 📊 New Candle: O:42368.05 H:42413.87 L:42326.28 C:42390.50
[2026-01-01 02:54:51] [INFO] 📊 New Candle: O:42368.05 H:42413.87 L:42326.28 C:42391.91
[2026-01-01 02:54:52] [INFO] 📊 New Candle: O:42368.05 H:42413.87 L:42326.28 C:42399.69
[2026-01-01 02:54:54] [INFO] 📊 New Candle: O:42368.05 H:42413.87 L:42326.28 C:42408.32
[2026-01-01 02:54:56] [INFO] 📊 New Candle: O:42368.05 H:42413.87 L:42326.28 C:42409.19
[2026-01-01 02:54:58] [INFO] 📊 New Candle: O:42368.05 H:42413.87 L:42326.28 C:42398.63
[2026-01-01 02:55:00] [INFO] 📊 New Candle: O:42401.09 H:42401.09 L:42401.09 C:42401.09
[2026-01-01 02:55:02] [INFO] 📊 New Candle: O:42401.09 H:42409.26 L:42401.09 C:42409.26
[2026-01-01 02:55:04] [INFO] 📊 New Candle: O:42401.09 H:42421.93 L:42401.09 C:42421.93
[2026-01-01 02:55:06] [INFO] 📊 New Candle: O:42401.09 H:42421.93 L:42401.09 C:42420.45
[2026-01-01 02:55:08] [INFO] 📊 New Candle: O:42401.09 H:42426.88 L:42401.09 C:42426.88
[2026-01-01 02:55:10] [INFO] 📊 New Candle: O:42401.09 H:42435.39 L:42401.09 C:42435.39
[2026-01-01 02:55:12] [INFO] 📊 New Candle: O:42401.09 H:42440.63 L:42401.09 C:42440.63
[2026-01-01 02:55:14] [INFO] 📊 New Candle: O:42401.09 H:42440.63 L:42401.09 C:42438.05
[2026-01-01 02:55:14] [WARN] 😢 Trade LOST! Loss: $-1.00
[2026-01-01 02:55:16] [INFO] 📊 New Candle: O:42401.09 H:42440.63 L:42401.09 C:42430.39
[2026-01-01 02:55:18] [INFO] 📊 New Candle: O:42401.09 H:42440.63 L:42401.09 C:42429.70
[2026-01-01 02:55:20] [INFO] 📊 New Candle: O:42401.09 H:42440.63 L:42401.09 C:42418.75
[2026-01-01 02:55:22] [INFO] 📊 New Candle: O:42401.09 H:42440.63 L:42401.09 C:42408.07
[2026-01-01 02:55:22] [TRADE] 🎯 LONG SIGNAL DETECTED {"signal":"LONG","reason":"Uptrend + EMA alignment + Oversold + Pullback","confidence":"HIGH"}
[2026-01-01 02:55:22] [TRADE] 📝 Executing CALL trade...
[2026-01-01 02:55:22] [INFO] 📋 Proposal received {"id":"4e8edc95-8ef1-f6bb-ad51-9c2686d11bd8","payout":1.95,"ask_price":1}
[2026-01-01 02:55:23] [SUCCESS] Trade executed! {"contract_id":302903899448,"buy_price":1,"potential_payout":1.95}
[2026-01-01 02:55:24] [INFO] 📊 New Candle: O:42401.09 H:42440.63 L:42401.09 C:42407.80
[2026-01-01 02:55:26] [INFO] 📊 New Candle: O:42401.09 H:42440.63 L:42401.09 C:42412.69
[2026-01-01 02:55:28] [INFO] 📊 New Candle: O:42401.09 H:42440.63 L:42401.09 C:42428.32
[2026-01-01 02:55:30] [INFO] 📊 New Candle: O:42401.09 H:42440.63 L:42401.09 C:42415.81
[2026-01-01 02:55:32] [INFO] 📊 New Candle: O:42401.09 H:42440.63 L:42401.09 C:42419.32
[2026-01-01 02:55:34] [INFO] 📊 New Candle: O:42401.09 H:42440.63 L:42401.09 C:42423.24
[2026-01-01 02:55:36] [INFO] 📊 New Candle: O:42401.09 H:42440.63 L:42401.09 C:42429.18
[2026-01-01 02:55:38] [INFO] 📊 New Candle: O:42401.09 H:42440.63 L:42401.09 C:42421.13
[2026-01-01 02:55:40] [INFO] 📊 New Candle: O:42401.09 H:42440.63 L:42401.09 C:42417.33
[2026-01-01 02:55:42] [INFO] 📊 New Candle: O:42401.09 H:42440.63 L:42401.09 C:42406.11
[2026-01-01 02:55:44] [INFO] 📊 New Candle: O:42401.09 H:42440.63 L:42401.09 C:42404.66
[2026-01-01 02:55:46] [INFO] 📊 New Candle: O:42401.09 H:42440.63 L:42401.09 C:42412.12
[2026-01-01 02:55:48] [INFO] 📊 New Candle: O:42401.09 H:42440.63 L:42401.09 C:42408.91
[2026-01-01 02:55:50] [INFO] 📊 New Candle: O:42401.09 H:42440.63 L:42401.09 C:42415.72
[2026-01-01 02:55:52] [INFO] 📊 New Candle: O:42401.09 H:42440.63 L:42401.09 C:42415.11
[2026-01-01 02:55:54] [INFO] 📊 New Candle: O:42401.09 H:42440.63 L:42399.12 C:42399.12
[2026-01-01 02:55:56] [INFO] 📊 New Candle: O:42401.09 H:42440.63 L:42394.72 C:42394.72
[2026-01-01 02:55:58] [INFO] 📊 New Candle: O:42401.09 H:42440.63 L:42383.50 C:42383.50
[2026-01-01 02:56:00] [INFO] 📊 New Candle: O:42401.09 H:42440.63 L:42375.37 C:42375.37
[2026-01-01 02:56:02] [INFO] 📊 New Candle: O:42401.09 H:42440.63 L:42370.00 C:42370.00
[2026-01-01 02:56:04] [INFO] 📊 New Candle: O:42401.09 H:42440.63 L:42370.00 C:42375.94
[2026-01-01 02:56:06] [INFO] 📊 New Candle: O:42401.09 H:42440.63 L:42370.00 C:42372.35
[2026-01-01 02:56:08] [INFO] 📊 New Candle: O:42401.09 H:42440.63 L:42370.00 C:42370.90
[2026-01-01 02:56:10] [INFO] 📊 New Candle: O:42401.09 H:42440.63 L:42370.00 C:42378.04
[2026-01-01 02:56:12] [INFO] 📊 New Candle: O:42401.09 H:42440.63 L:42370.00 C:42388.87
[2026-01-01 02:56:14] [INFO] 📊 New Candle: O:42401.09 H:42440.63 L:42370.00 C:42392.50
[2026-01-01 02:56:16] [INFO] 📊 New Candle: O:42401.09 H:42440.63 L:42370.00 C:42386.47
[2026-01-01 02:56:18] [INFO] 📊 New Candle: O:42401.09 H:42440.63 L:42370.00 C:42373.80
[2026-01-01 02:56:20] [INFO] 📊 New Candle: O:42401.09 H:42440.63 L:42369.09 C:42369.09
[2026-01-01 02:56:22] [INFO] 📊 New Candle: O:42401.09 H:42440.63 L:42368.86 C:42368.86
[2026-01-01 02:56:24] [INFO] 📊 New Candle: O:42401.09 H:42440.63 L:42368.86 C:42385.60
[2026-01-01 02:56:26] [INFO] 📊 New Candle: O:42401.09 H:42440.63 L:42368.86 C:42381.28
[2026-01-01 02:56:28] [INFO] 📊 New Candle: O:42401.09 H:42440.63 L:42368.86 C:42374.03
[2026-01-01 02:56:30] [INFO] 📊 New Candle: O:42401.09 H:42440.63 L:42368.86 C:42383.68
[2026-01-01 02:56:32] [INFO] 📊 New Candle: O:42401.09 H:42440.63 L:42368.86 C:42379.45
[2026-01-01 02:56:34] [INFO] 📊 New Candle: O:42401.09 H:42440.63 L:42368.86 C:42378.14
[2026-01-01 02:56:36] [INFO] 📊 New Candle: O:42401.09 H:42440.63 L:42368.86 C:42376.17
[2026-01-01 02:56:38] [INFO] 📊 New Candle: O:42401.09 H:42440.63 L:42363.77 C:42363.77
[2026-01-01 02:56:40] [INFO] 📊 New Candle: O:42401.09 H:42440.63 L:42363.77 C:42367.57
[2026-01-01 02:56:42] [INFO] 📊 New Candle: O:42401.09 H:42440.63 L:42363.77 C:42376.52
[2026-01-01 02:56:44] [INFO] 📊 New Candle: O:42401.09 H:42440.63 L:42363.62 C:42363.62
[2026-01-01 02:56:46] [INFO] 📊 New Candle: O:42401.09 H:42440.63 L:42363.62 C:42363.88
[2026-01-01 02:56:48] [INFO] 📊 New Candle: O:42401.09 H:42440.63 L:42359.11 C:42359.11
[2026-01-01 02:56:50] [INFO] 📊 New Candle: O:42401.09 H:42440.63 L:42359.11 C:42363.18
[2026-01-01 02:56:52] [INFO] 📊 New Candle: O:42401.09 H:42440.63 L:42359.11 C:42366.54
[2026-01-01 02:56:54] [INFO] 📊 New Candle: O:42401.09 H:42440.63 L:42355.30 C:42355.30
[2026-01-01 02:56:56] [INFO] 📊 New Candle: O:42401.09 H:42440.63 L:42355.30 C:42355.33
[2026-01-01 02:56:58] [INFO] 📊 New Candle: O:42401.09 H:42440.63 L:42350.22 C:42350.22
[2026-01-01 02:57:00] [INFO] 📊 New Candle: O:42401.09 H:42440.63 L:42350.22 C:42363.57
[2026-01-01 02:57:02] [INFO] 📊 New Candle: O:42401.09 H:42440.63 L:42350.22 C:42362.36
[2026-01-01 02:57:04] [INFO] 📊 New Candle: O:42401.09 H:42440.63 L:42350.22 C:42361.11
[2026-01-01 02:57:06] [INFO] 📊 New Candle: O:42401.09 H:42440.63 L:42350.22 C:42370.87
[2026-01-01 02:57:08] [INFO] 📊 New Candle: O:42401.09 H:42440.63 L:42350.22 C:42361.31
[2026-01-01 02:57:10] [INFO] 📊 New Candle: O:42401.09 H:42440.63 L:42350.22 C:42359.30
[2026-01-01 02:57:12] [INFO] 📊 New Candle: O:42401.09 H:42440.63 L:42350.22 C:42360.23
[2026-01-01 02:57:14] [INFO] 📊 New Candle: O:42401.09 H:42440.63 L:42350.22 C:42353.44
[2026-01-01 02:57:16] [INFO] 📊 New Candle: O:42401.09 H:42440.63 L:42350.22 C:42357.60
[2026-01-01 02:57:18] [INFO] 📊 New Candle: O:42401.09 H:42440.63 L:42350.22 C:42354.69
[2026-01-01 02:57:20] [INFO] 📊 New Candle: O:42401.09 H:42440.63 L:42350.22 C:42364.79
[2026-01-01 02:57:22] [INFO] 📊 New Candle: O:42401.09 H:42440.63 L:42350.22 C:42373.00
[2026-01-01 02:57:24] [INFO] 📊 New Candle: O:42401.09 H:42440.63 L:42350.22 C:42386.56
[2026-01-01 02:57:26] [INFO] 📊 New Candle: O:42401.09 H:42440.63 L:42350.22 C:42377.68
[2026-01-01 02:57:28] [INFO] 📊 New Candle: O:42401.09 H:42440.63 L:42350.22 C:42380.09
[2026-01-01 02:57:30] [INFO] 📊 New Candle: O:42401.09 H:42440.63 L:42350.22 C:42368.34
[2026-01-01 02:57:32] [INFO] 📊 New Candle: O:42401.09 H:42440.63 L:42350.22 C:42356.07
[2026-01-01 02:57:34] [INFO] 📊 New Candle: O:42401.09 H:42440.63 L:42349.30 C:42349.30
[2026-01-01 02:57:36] [INFO] 📊 New Candle: O:42401.09 H:42440.63 L:42347.92 C:42347.92
[2026-01-01 02:57:38] [INFO] 📊 New Candle: O:42401.09 H:42440.63 L:42347.91 C:42347.91
[2026-01-01 02:57:40] [INFO] 📊 New Candle: O:42401.09 H:42440.63 L:42341.16 C:42341.16
[2026-01-01 02:57:42] [INFO] 📊 New Candle: O:42401.09 H:42440.63 L:42336.15 C:42336.15
[2026-01-01 02:57:44] [INFO] 📊 New Candle: O:42401.09 H:42440.63 L:42336.15 C:42340.24
[2026-01-01 02:57:46] [INFO] 📊 New Candle: O:42401.09 H:42440.63 L:42336.15 C:42346.86
[2026-01-01 02:57:48] [INFO] 📊 New Candle: O:42401.09 H:42440.63 L:42336.15 C:42347.12
[2026-01-01 02:57:50] [INFO] 📊 New Candle: O:42401.09 H:42440.63 L:42336.15 C:42350.95
[2026-01-01 02:57:52] [INFO] 📊 New Candle: O:42401.09 H:42440.63 L:42336.15 C:42339.34
[2026-01-01 02:57:54] [INFO] 📊 New Candle: O:42401.09 H:42440.63 L:42329.77 C:42329.77
[2026-01-01 02:57:56] [INFO] 📊 New Candle: O:42401.09 H:42440.63 L:42320.42 C:42320.42
[2026-01-01 02:57:58] [INFO] 📊 New Candle: O:42401.09 H:42440.63 L:42320.42 C:42323.45
[2026-01-01 02:58:00] [INFO] 📊 New Candle: O:42401.09 H:42440.63 L:42320.42 C:42321.69
[2026-01-01 02:58:02] [INFO] 📊 New Candle: O:42401.09 H:42440.63 L:42320.42 C:42322.29
[2026-01-01 02:58:04] [INFO] 📊 New Candle: O:42401.09 H:42440.63 L:42320.42 C:42324.42
[2026-01-01 02:58:06] [INFO] 📊 New Candle: O:42401.09 H:42440.63 L:42320.42 C:42333.32
[2026-01-01 02:58:08] [INFO] 📊 New Candle: O:42401.09 H:42440.63 L:42320.42 C:42335.45
[2026-01-01 02:58:10] [INFO] 📊 New Candle: O:42401.09 H:42440.63 L:42320.42 C:42339.34
[2026-01-01 02:58:12] [INFO] 📊 New Candle: O:42401.09 H:42440.63 L:42320.42 C:42355.87
[2026-01-01 02:58:14] [INFO] 📊 New Candle: O:42401.09 H:42440.63 L:42320.42 C:42361.07
[2026-01-01 02:58:16] [INFO] 📊 New Candle: O:42401.09 H:42440.63 L:42320.42 C:42363.99
[2026-01-01 02:58:18] [INFO] 📊 New Candle: O:42401.09 H:42440.63 L:42320.42 C:42354.69
[2026-01-01 02:58:20] [INFO] 📊 New Candle: O:42401.09 H:42440.63 L:42320.42 C:42348.56
[2026-01-01 02:58:22] [INFO] 📊 New Candle: O:42401.09 H:42440.63 L:42320.42 C:42349.14
[2026-01-01 02:58:24] [INFO] 📊 New Candle: O:42401.09 H:42440.63 L:42320.42 C:42338.88
[2026-01-01 02:58:26] [INFO] 📊 New Candle: O:42401.09 H:42440.63 L:42320.42 C:42332.84
[2026-01-01 02:58:28] [INFO] 📊 New Candle: O:42401.09 H:42440.63 L:42318.51 C:42318.51
[2026-01-01 02:58:30] [INFO] 📊 New Candle: O:42401.09 H:42440.63 L:42314.15 C:42314.15
[2026-01-01 02:58:32] [INFO] 📊 New Candle: O:42401.09 H:42440.63 L:42299.08 C:42299.08
[2026-01-01 02:58:34] [INFO] 📊 New Candle: O:42401.09 H:42440.63 L:42299.08 C:42299.93
[2026-01-01 02:58:36] [INFO] 📊 New Candle: O:42401.09 H:42440.63 L:42299.08 C:42301.92
[2026-01-01 02:58:38] [INFO] 📊 New Candle: O:42401.09 H:42440.63 L:42295.89 C:42295.89
[2026-01-01 02:58:40] [INFO] 📊 New Candle: O:42401.09 H:42440.63 L:42295.89 C:42313.73
[2026-01-01 02:58:42] [INFO] 📊 New Candle: O:42401.09 H:42440.63 L:42295.89 C:42325.52
[2026-01-01 02:58:44] [INFO] 📊 New Candle: O:42401.09 H:42440.63 L:42295.89 C:42331.32
[2026-01-01 02:58:46] [INFO] 📊 New Candle: O:42401.09 H:42440.63 L:42295.89 C:42331.93
[2026-01-01 02:58:48] [INFO] 📊 New Candle: O:42401.09 H:42440.63 L:42295.89 C:42330.68
[2026-01-01 02:58:50] [INFO] 📊 New Candle: O:42401.09 H:42440.63 L:42295.89 C:42324.91
[2026-01-01 02:58:52] [INFO] 📊 New Candle: O:42401.09 H:42440.63 L:42295.89 C:42322.17
[2026-01-01 02:58:54] [INFO] 📊 New Candle: O:42401.09 H:42440.63 L:42295.89 C:42318.84
[2026-01-01 02:58:56] [INFO] 📊 New Candle: O:42401.09 H:42440.63 L:42295.89 C:42327.36
[2026-01-01 02:58:58] [INFO] 📊 New Candle: O:42401.09 H:42440.63 L:42295.89 C:42319.88
[2026-01-01 02:59:00] [INFO] 📊 New Candle: O:42401.09 H:42440.63 L:42295.89 C:42311.17
[2026-01-01 02:59:02] [INFO] 📊 New Candle: O:42401.09 H:42440.63 L:42295.89 C:42308.67
[2026-01-01 02:59:04] [INFO] 📊 New Candle: O:42401.09 H:42440.63 L:42295.89 C:42310.65
[2026-01-01 02:59:06] [INFO] 📊 New Candle: O:42401.09 H:42440.63 L:42295.89 C:42314.99
[2026-01-01 02:59:08] [INFO] 📊 New Candle: O:42401.09 H:42440.63 L:42295.89 C:42315.91
[2026-01-01 02:59:10] [INFO] 📊 New Candle: O:42401.09 H:42440.63 L:42295.89 C:42317.93
[2026-01-01 02:59:12] [INFO] 📊 New Candle: O:42401.09 H:42440.63 L:42295.89 C:42317.76
[2026-01-01 02:59:14] [INFO] 📊 New Candle: O:42401.09 H:42440.63 L:42295.89 C:42313.62
[2026-01-01 02:59:16] [INFO] 📊 New Candle: O:42401.09 H:42440.63 L:42295.89 C:42300.98
[2026-01-01 02:59:18] [INFO] 📊 New Candle: O:42401.09 H:42440.63 L:42295.89 C:42317.94
[2026-01-01 02:59:20] [INFO] 📊 New Candle: O:42401.09 H:42440.63 L:42295.89 C:42315.18
[2026-01-01 02:59:22] [INFO] 📊 New Candle: O:42401.09 H:42440.63 L:42295.89 C:42311.20
[2026-01-01 02:59:24] [INFO] 📊 New Candle: O:42401.09 H:42440.63 L:42295.89 C:42296.47
[2026-01-01 02:59:26] [INFO] 📊 New Candle: O:42401.09 H:42440.63 L:42295.89 C:42295.94
[2026-01-01 02:59:28] [INFO] 📊 New Candle: O:42401.09 H:42440.63 L:42295.89 C:42304.14
[2026-01-01 02:59:30] [INFO] 📊 New Candle: O:42401.09 H:42440.63 L:42295.89 C:42306.06
[2026-01-01 02:59:32] [INFO] 📊 New Candle: O:42401.09 H:42440.63 L:42295.89 C:42306.31
[2026-01-01 02:59:34] [INFO] 📊 New Candle: O:42401.09 H:42440.63 L:42295.89 C:42301.53
[2026-01-01 02:59:36] [INFO] 📊 New Candle: O:42401.09 H:42440.63 L:42295.89 C:42311.48
[2026-01-01 02:59:38] [INFO] 📊 New Candle: O:42401.09 H:42440.63 L:42295.89 C:42306.28
[2026-01-01 02:59:40] [INFO] 📊 New Candle: O:42401.09 H:42440.63 L:42295.89 C:42307.43
[2026-01-01 02:59:42] [INFO] 📊 New Candle: O:42401.09 H:42440.63 L:42295.89 C:42301.28
[2026-01-01 02:59:44] [INFO] 📊 New Candle: O:42401.09 H:42440.63 L:42295.89 C:42299.51
[2026-01-01 02:59:46] [INFO] 📊 New Candle: O:42401.09 H:42440.63 L:42279.76 C:42279.76
[2026-01-01 02:59:48] [INFO] 📊 New Candle: O:42401.09 H:42440.63 L:42279.76 C:42302.88
[2026-01-01 02:59:50] [INFO] 📊 New Candle: O:42401.09 H:42440.63 L:42279.76 C:42284.06
[2026-01-01 02:59:52] [INFO] 📊 New Candle: O:42401.09 H:42440.63 L:42279.76 C:42281.68
[2026-01-01 02:59:54] [INFO] 📊 New Candle: O:42401.09 H:42440.63 L:42279.76 C:42281.36
[2026-01-01 02:59:56] [INFO] 📊 New Candle: O:42401.09 H:42440.63 L:42257.07 C:42257.07
[2026-01-01 02:59:58] [INFO] 📊 New Candle: O:42401.09 H:42440.63 L:42255.12 C:42255.12
[2026-01-01 03:00:00] [INFO] 📊 New Candle: O:42249.03 H:42249.03 L:42249.03 C:42249.03
[2026-01-01 03:00:02] [INFO] 📊 New Candle: O:42249.03 H:42249.03 L:42243.34 C:42243.34
[2026-01-01 03:00:04] [INFO] 📊 New Candle: O:42249.03 H:42258.48 L:42243.34 C:42258.48
[2026-01-01 03:00:06] [INFO] 📊 New Candle: O:42249.03 H:42258.48 L:42243.34 C:42253.17
[2026-01-01 03:00:08] [INFO] 📊 New Candle: O:42249.03 H:42258.48 L:42243.34 C:42245.92
[2026-01-01 03:00:10] [INFO] 📊 New Candle: O:42249.03 H:42258.48 L:42243.34 C:42252.53
[2026-01-01 03:00:12] [INFO] 📊 New Candle: O:42249.03 H:42258.48 L:42243.34 C:42253.43
[2026-01-01 03:00:14] [INFO] 📊 New Candle: O:42249.03 H:42261.71 L:42243.34 C:42261.71
[2026-01-01 03:00:16] [INFO] 📊 New Candle: O:42249.03 H:42261.71 L:42243.34 C:42252.92
[2026-01-01 03:00:18] [INFO] 📊 New Candle: O:42249.03 H:42261.71 L:42243.34 C:42248.55
[2026-01-01 03:00:20] [INFO] 📊 New Candle: O:42249.03 H:42261.71 L:42243.34 C:42243.42
[2026-01-01 03:00:22] [INFO] 📊 New Candle: O:42249.03 H:42261.71 L:42241.42 C:42241.42
[2026-01-01 03:00:24] [INFO] 📊 New Candle: O:42249.03 H:42261.71 L:42238.74 C:42238.74
[2026-01-01 03:00:26] [INFO] 📊 New Candle: O:42249.03 H:42261.71 L:42233.84 C:42233.84
[2026-01-01 03:00:26] [WARN] 😢 Trade LOST! Loss: $-1.00
[2026-01-01 03:00:28] [INFO] 📊 New Candle: O:42249.03 H:42261.71 L:42233.84 C:42235.51
[2026-01-01 03:00:30] [INFO] 📊 New Candle: O:42249.03 H:42261.71 L:42225.07 C:42225.07
[2026-01-01 03:00:32] [INFO] 📊 New Candle: O:42249.03 H:42261.71 L:42224.72 C:42224.72
[2026-01-01 03:00:34] [INFO] 📊 New Candle: O:42249.03 H:42261.71 L:42222.88 C:42222.88
[2026-01-01 03:00:36] [INFO] 📊 New Candle: O:42249.03 H:42261.71 L:42209.98 C:42209.98
[2026-01-01 03:00:38] [INFO] 📊 New Candle: O:42249.03 H:42261.71 L:42204.27 C:42204.27
[2026-01-01 03:00:40] [INFO] 📊 New Candle: O:42249.03 H:42261.71 L:42198.56 C:42198.56
[2026-01-01 03:00:42] [INFO] 📊 New Candle: O:42249.03 H:42261.71 L:42198.56 C:42201.86
[2026-01-01 03:00:44] [INFO] 📊 New Candle: O:42249.03 H:42261.71 L:42195.67 C:42195.67
[2026-01-01 03:00:46] [INFO] 📊 New Candle: O:42249.03 H:42261.71 L:42188.45 C:42188.45
[2026-01-01 03:00:48] [INFO] 📊 New Candle: O:42249.03 H:42261.71 L:42179.37 C:42179.37
[2026-01-01 03:00:50] [INFO] 📊 New Candle: O:42249.03 H:42261.71 L:42174.95 C:42174.95
[2026-01-01 03:00:52] [INFO] 📊 New Candle: O:42249.03 H:42261.71 L:42174.95 C:42178.23
[2026-01-01 03:00:54] [INFO] 📊 New Candle: O:42249.03 H:42261.71 L:42174.95 C:42184.78
[2026-01-01 03:00:56] [INFO] 📊 New Candle: O:42249.03 H:42261.71 L:42174.95 C:42181.49
[2026-01-01 03:00:58] [INFO] 📊 New Candle: O:42249.03 H:42261.71 L:42174.95 C:42178.00
[2026-01-01 03:01:00] [INFO] 📊 New Candle: O:42249.03 H:42261.71 L:42174.95 C:42187.44
[2026-01-01 03:01:02] [INFO] 📊 New Candle: O:42249.03 H:42261.71 L:42174.95 C:42188.58
[2026-01-01 03:01:04] [INFO] 📊 New Candle: O:42249.03 H:42261.71 L:42174.95 C:42190.62
[2026-01-01 03:01:06] [INFO] 📊 New Candle: O:42249.03 H:42261.71 L:42174.95 C:42186.57
[2026-01-01 03:01:08] [INFO] 📊 New Candle: O:42249.03 H:42261.71 L:42174.95 C:42183.55
[2026-01-01 03:01:10] [INFO] 📊 New Candle: O:42249.03 H:42261.71 L:42174.95 C:42180.53
[2026-01-01 03:01:12] [INFO] 📊 New Candle: O:42249.03 H:42261.71 L:42174.95 C:42183.22
[2026-01-01 03:01:14] [INFO] 📊 New Candle: O:42249.03 H:42261.71 L:42174.95 C:42182.18
[2026-01-01 03:01:16] [INFO] 📊 New Candle: O:42249.03 H:42261.71 L:42174.95 C:42178.06
[2026-01-01 03:01:18] [INFO] 📊 New Candle: O:42249.03 H:42261.71 L:42172.67 C:42172.67
[2026-01-01 03:01:20] [INFO] 📊 New Candle: O:42249.03 H:42261.71 L:42172.67 C:42181.46
[2026-01-01 03:01:22] [INFO] 📊 New Candle: O:42249.03 H:42261.71 L:42172.67 C:42191.95
[2026-01-01 03:01:24] [INFO] 📊 New Candle: O:42249.03 H:42261.71 L:42172.67 C:42189.19
[2026-01-01 03:01:26] [INFO] 📊 New Candle: O:42249.03 H:42261.71 L:42172.67 C:42181.54
[2026-01-01 03:01:28] [INFO] 📊 New Candle: O:42249.03 H:42261.71 L:42172.67 C:42183.32
[2026-01-01 03:01:30] [INFO] 📊 New Candle: O:42249.03 H:42261.71 L:42169.37 C:42169.37
[2026-01-01 03:01:32] [INFO] 📊 New Candle: O:42249.03 H:42261.71 L:42159.58 C:42159.58
[2026-01-01 03:01:34] [INFO] 📊 New Candle: O:42249.03 H:42261.71 L:42159.58 C:42172.18
[2026-01-01 03:01:36] [INFO] 📊 New Candle: O:42249.03 H:42261.71 L:42159.58 C:42162.88
[2026-01-01 03:01:38] [INFO] 📊 New Candle: O:42249.03 H:42261.71 L:42159.58 C:42163.80
[2026-01-01 03:01:40] [INFO] 📊 New Candle: O:42249.03 H:42261.71 L:42159.58 C:42175.16
[2026-01-01 03:01:42] [INFO] 📊 New Candle: O:42249.03 H:42261.71 L:42159.58 C:42163.70
[2026-01-01 03:01:44] [INFO] 📊 New Candle: O:42249.03 H:42261.71 L:42159.58 C:42168.26
[2026-01-01 03:01:46] [INFO] 📊 New Candle: O:42249.03 H:42261.71 L:42159.58 C:42179.41
[2026-01-01 03:01:48] [INFO] 📊 New Candle: O:42249.03 H:42261.71 L:42159.58 C:42169.57
[2026-01-01 03:01:50] [INFO] 📊 New Candle: O:42249.03 H:42261.71 L:42159.58 C:42165.79
[2026-01-01 03:01:52] [INFO] 📊 New Candle: O:42249.03 H:42261.71 L:42159.58 C:42161.27
[2026-01-01 03:01:54] [INFO] 📊 New Candle: O:42249.03 H:42261.71 L:42159.58 C:42161.95
[2026-01-01 03:01:56] [INFO] 📊 New Candle: O:42249.03 H:42261.71 L:42159.58 C:42169.58
[2026-01-01 03:01:58] [INFO] 📊 New Candle: O:42249.03 H:42261.71 L:42159.58 C:42177.62
[2026-01-01 03:02:00] [INFO] 📊 New Candle: O:42249.03 H:42261.71 L:42159.58 C:42185.31
[2026-01-01 03:02:02] [INFO] 📊 New Candle: O:42249.03 H:42261.71 L:42159.58 C:42171.89
[2026-01-01 03:02:04] [INFO] 📊 New Candle: O:42249.03 H:42261.71 L:42159.58 C:42166.77
[2026-01-01 03:02:06] [INFO] 📊 New Candle: O:42249.03 H:42261.71 L:42159.58 C:42168.54
[2026-01-01 03:02:08] [INFO] 📊 New Candle: O:42249.03 H:42261.71 L:42159.58 C:42169.75
[2026-01-01 03:02:10] [INFO] 📊 New Candle: O:42249.03 H:42261.71 L:42159.58 C:42182.53
[2026-01-01 03:02:12] [INFO] 📊 New Candle: O:42249.03 H:42261.71 L:42159.58 C:42196.83
[2026-01-01 03:02:14] [INFO] 📊 New Candle: O:42249.03 H:42261.71 L:42159.58 C:42198.43
[2026-01-01 03:02:16] [INFO] 📊 New Candle: O:42249.03 H:42261.71 L:42159.58 C:42193.80
[2026-01-01 03:02:18] [INFO] 📊 New Candle: O:42249.03 H:42261.71 L:42159.58 C:42196.76
[2026-01-01 03:02:20] [INFO] 📊 New Candle: O:42249.03 H:42261.71 L:42159.58 C:42194.00
[2026-01-01 03:02:22] [INFO] 📊 New Candle: O:42249.03 H:42261.71 L:42159.58 C:42197.24
[2026-01-01 03:02:24] [INFO] 📊 New Candle: O:42249.03 H:42261.71 L:42159.58 C:42205.25
[2026-01-01 03:02:26] [INFO] 📊 New Candle: O:42249.03 H:42261.71 L:42159.58 C:42201.35
[2026-01-01 03:02:28] [INFO] 📊 New Candle: O:42249.03 H:42261.71 L:42159.58 C:42203.46
[2026-01-01 03:02:30] [INFO] 📊 New Candle: O:42249.03 H:42261.71 L:42159.58 C:42206.61
[2026-01-01 03:02:32] [INFO] 📊 New Candle: O:42249.03 H:42261.71 L:42159.58 C:42195.56
[2026-01-01 03:02:34] [INFO] 📊 New Candle: O:42249.03 H:42261.71 L:42159.58 C:42192.11
[2026-01-01 03:02:36] [INFO] 📊 New Candle: O:42249.03 H:42261.71 L:42159.58 C:42200.39
[2026-01-01 03:02:38] [INFO] 📊 New Candle: O:42249.03 H:42261.71 L:42159.58 C:42202.00
[2026-01-01 03:02:40] [INFO] 📊 New Candle: O:42249.03 H:42261.71 L:42159.58 C:42205.29
[2026-01-01 03:02:42] [INFO] 📊 New Candle: O:42249.03 H:42261.71 L:42159.58 C:42194.12
[2026-01-01 03:02:44] [INFO] 📊 New Candle: O:42249.03 H:42261.71 L:42159.58 C:42198.49
[2026-01-01 03:02:46] [INFO] 📊 New Candle: O:42249.03 H:42261.71 L:42159.58 C:42201.85
[2026-01-01 03:02:48] [INFO] 📊 New Candle: O:42249.03 H:42261.71 L:42159.58 C:42194.69
[2026-01-01 03:02:50] [INFO] 📊 New Candle: O:42249.03 H:42261.71 L:42159.58 C:42212.38
[2026-01-01 03:02:52] [INFO] 📊 New Candle: O:42249.03 H:42261.71 L:42159.58 C:42210.61
[2026-01-01 03:02:54] [INFO] 📊 New Candle: O:42249.03 H:42261.71 L:42159.58 C:42210.99
[2026-01-01 03:02:56] [INFO] 📊 New Candle: O:42249.03 H:42261.71 L:42159.58 C:42215.53
[2026-01-01 03:02:58] [INFO] 📊 New Candle: O:42249.03 H:42261.71 L:42159.58 C:42207.21
[2026-01-01 03:03:00] [INFO] 📊 New Candle: O:42249.03 H:42261.71 L:42159.58 C:42209.84
[2026-01-01 03:03:02] [INFO] 📊 New Candle: O:42249.03 H:42261.71 L:42159.58 C:42202.31
[2026-01-01 03:03:04] [INFO] 📊 New Candle: O:42249.03 H:42261.71 L:42159.58 C:42211.69
[2026-01-01 03:03:06] [INFO] 📊 New Candle: O:42249.03 H:42261.71 L:42159.58 C:42203.36
[2026-01-01 03:03:08] [INFO] 📊 New Candle: O:42249.03 H:42261.71 L:42159.58 C:42200.70
[2026-01-01 03:03:10] [INFO] 📊 New Candle: O:42249.03 H:42261.71 L:42159.58 C:42189.69
[2026-01-01 03:03:12] [INFO] 📊 New Candle: O:42249.03 H:42261.71 L:42159.58 C:42188.90
[2026-01-01 03:03:14] [INFO] 📊 New Candle: O:42249.03 H:42261.71 L:42159.58 C:42185.17
[2026-01-01 03:03:16] [INFO] 📊 New Candle: O:42249.03 H:42261.71 L:42159.58 C:42188.18
[2026-01-01 03:03:18] [INFO] 📊 New Candle: O:42249.03 H:42261.71 L:42159.58 C:42191.93
[2026-01-01 03:03:20] [INFO] 📊 New Candle: O:42249.03 H:42261.71 L:42159.58 C:42172.89
[2026-01-01 03:03:22] [INFO] 📊 New Candle: O:42249.03 H:42261.71 L:42159.58 C:42178.88
[2026-01-01 03:03:24] [INFO] 📊 New Candle: O:42249.03 H:42261.71 L:42159.58 C:42191.29
[2026-01-01 03:03:26] [INFO] 📊 New Candle: O:42249.03 H:42261.71 L:42159.58 C:42190.64
[2026-01-01 03:03:28] [INFO] 📊 New Candle: O:42249.03 H:42261.71 L:42159.58 C:42192.25
[2026-01-01 03:03:30] [INFO] 📊 New Candle: O:42249.03 H:42261.71 L:42159.58 C:42191.67
[2026-01-01 03:03:32] [INFO] 📊 New Candle: O:42249.03 H:42261.71 L:42159.58 C:42190.32
[2026-01-01 03:03:34] [INFO] 📊 New Candle: O:42249.03 H:42261.71 L:42159.58 C:42186.58
[2026-01-01 03:03:36] [INFO] 📊 New Candle: O:42249.03 H:42261.71 L:42159.58 C:42178.51
[2026-01-01 03:03:38] [INFO] 📊 New Candle: O:42249.03 H:42261.71 L:42159.58 C:42169.37
[2026-01-01 03:03:40] [INFO] 📊 New Candle: O:42249.03 H:42261.71 L:42159.58 C:42179.09
[2026-01-01 03:03:42] [INFO] 📊 New Candle: O:42249.03 H:42261.71 L:42159.58 C:42185.75
[2026-01-01 03:03:44] [INFO] 📊 New Candle: O:42249.03 H:42261.71 L:42159.58 C:42181.26
[2026-01-01 03:03:46] [INFO] 📊 New Candle: O:42249.03 H:42261.71 L:42159.58 C:42173.65
[2026-01-01 03:03:48] [INFO] 📊 New Candle: O:42249.03 H:42261.71 L:42159.58 C:42173.43
[2026-01-01 03:03:50] [INFO] 📊 New Candle: O:42249.03 H:42261.71 L:42159.58 C:42175.80
[2026-01-01 03:03:52] [INFO] 📊 New Candle: O:42249.03 H:42261.71 L:42159.58 C:42172.17
[2026-01-01 03:03:54] [INFO] 📊 New Candle: O:42249.03 H:42261.71 L:42159.58 C:42169.38
[2026-01-01 03:03:56] [INFO] 📊 New Candle: O:42249.03 H:42261.71 L:42159.58 C:42181.39
[2026-01-01 03:03:58] [INFO] 📊 New Candle: O:42249.03 H:42261.71 L:42159.58 C:42185.81
[2026-01-01 03:04:00] [INFO] 📊 New Candle: O:42249.03 H:42261.71 L:42159.58 C:42186.48
[2026-01-01 03:04:02] [INFO] 📊 New Candle: O:42249.03 H:42261.71 L:42159.58 C:42185.92
[2026-01-01 03:04:04] [INFO] 📊 New Candle: O:42249.03 H:42261.71 L:42159.58 C:42185.47
[2026-01-01 03:04:06] [INFO] 📊 New Candle: O:42249.03 H:42261.71 L:42159.58 C:42183.31
[2026-01-01 03:04:08] [INFO] 📊 New Candle: O:42249.03 H:42261.71 L:42159.58 C:42179.73
[2026-01-01 03:04:10] [INFO] 📊 New Candle: O:42249.03 H:42261.71 L:42159.58 C:42186.39
[2026-01-01 03:04:12] [INFO] 📊 New Candle: O:42249.03 H:42261.71 L:42159.58 C:42191.75
[2026-01-01 03:04:14] [INFO] 📊 New Candle: O:42249.03 H:42261.71 L:42159.58 C:42195.42
[2026-01-01 03:04:16] [INFO] 📊 New Candle: O:42249.03 H:42261.71 L:42159.58 C:42189.56
[2026-01-01 03:04:18] [INFO] 📊 New Candle: O:42249.03 H:42261.71 L:42159.58 C:42191.46
[2026-01-01 03:04:20] [INFO] 📊 New Candle: O:42249.03 H:42261.71 L:42159.58 C:42199.90
[2026-01-01 03:04:22] [INFO] 📊 New Candle: O:42249.03 H:42261.71 L:42159.58 C:42208.64
[2026-01-01 03:04:24] [INFO] 📊 New Candle: O:42249.03 H:42261.71 L:42159.58 C:42195.82
[2026-01-01 03:04:26] [INFO] 📊 New Candle: O:42249.03 H:42261.71 L:42159.58 C:42193.45
[2026-01-01 03:04:28] [INFO] 📊 New Candle: O:42249.03 H:42261.71 L:42159.58 C:42190.47
[2026-01-01 03:04:30] [INFO] 📊 New Candle: O:42249.03 H:42261.71 L:42159.58 C:42199.97
[2026-01-01 03:04:32] [INFO] 📊 New Candle: O:42249.03 H:42261.71 L:42159.58 C:42209.20
[2026-01-01 03:04:34] [INFO] 📊 New Candle: O:42249.03 H:42261.71 L:42159.58 C:42212.11
[2026-01-01 03:04:36] [INFO] 📊 New Candle: O:42249.03 H:42261.71 L:42159.58 C:42214.52
[2026-01-01 03:04:38] [INFO] 📊 New Candle: O:42249.03 H:42261.71 L:42159.58 C:42219.30
[2026-01-01 03:04:40] [INFO] 📊 New Candle: O:42249.03 H:42261.71 L:42159.58 C:42220.29
[2026-01-01 03:04:42] [INFO] 📊 New Candle: O:42249.03 H:42261.71 L:42159.58 C:42214.73
[2026-01-01 03:04:44] [INFO] 📊 New Candle: O:42249.03 H:42261.71 L:42159.58 C:42217.09
[2026-01-01 03:04:46] [INFO] 📊 New Candle: O:42249.03 H:42261.71 L:42159.58 C:42231.37
[2026-01-01 03:04:48] [INFO] 📊 New Candle: O:42249.03 H:42261.71 L:42159.58 C:42226.37
[2026-01-01 03:04:50] [INFO] 📊 New Candle: O:42249.03 H:42261.71 L:42159.58 C:42223.54
[2026-01-01 03:04:52] [INFO] 📊 New Candle: O:42249.03 H:42261.71 L:42159.58 C:42203.00
[2026-01-01 03:04:54] [INFO] 📊 New Candle: O:42249.03 H:42261.71 L:42159.58 C:42198.68
[2026-01-01 03:04:56] [INFO] 📊 New Candle: O:42249.03 H:42261.71 L:42159.58 C:42191.19
[2026-01-01 03:04:58] [INFO] 📊 New Candle: O:42249.03 H:42261.71 L:42159.58 C:42190.62
[2026-01-01 03:05:00] [INFO] 📊 New Candle: O:42189.31 H:42189.31 L:42189.31 C:42189.31
[2026-01-01 03:05:02] [INFO] 📊 New Candle: O:42189.31 H:42194.08 L:42189.31 C:42194.08
[2026-01-01 03:05:04] [INFO] 📊 New Candle: O:42189.31 H:42194.08 L:42189.31 C:42190.18
[2026-01-01 03:05:06] [INFO] 📊 New Candle: O:42189.31 H:42194.08 L:42187.34 C:42187.34
[2026-01-01 03:05:08] [INFO] 📊 New Candle: O:42189.31 H:42194.08 L:42183.63 C:42183.63
[2026-01-01 03:05:10] [INFO] 📊 New Candle: O:42189.31 H:42194.08 L:42183.63 C:42184.63
[2026-01-01 03:05:12] [INFO] 📊 New Candle: O:42189.31 H:42194.08 L:42183.63 C:42188.49
[2026-01-01 03:05:14] [INFO] 📊 New Candle: O:42189.31 H:42194.08 L:42180.69 C:42180.69
[2026-01-01 03:05:16] [INFO] 📊 New Candle: O:42189.31 H:42194.08 L:42180.69 C:42186.44
[2026-01-01 03:05:18] [INFO] 📊 New Candle: O:42189.31 H:42194.08 L:42180.69 C:42183.98
[2026-01-01 03:05:20] [INFO] 📊 New Candle: O:42189.31 H:42194.08 L:42180.69 C:42188.30
[2026-01-01 03:05:22] [INFO] 📊 New Candle: O:42189.31 H:42203.83 L:42180.69 C:42203.83
[2026-01-01 03:05:24] [INFO] 📊 New Candle: O:42189.31 H:42203.83 L:42180.69 C:42202.84
[2026-01-01 03:05:26] [INFO] 📊 New Candle: O:42189.31 H:42205.81 L:42180.69 C:42205.81
[2026-01-01 03:05:28] [INFO] 📊 New Candle: O:42189.31 H:42211.04 L:42180.69 C:42211.04
[2026-01-01 03:05:30] [INFO] 📊 New Candle: O:42189.31 H:42211.04 L:42180.69 C:42209.72
[2026-01-01 03:05:32] [INFO] 📊 New Candle: O:42189.31 H:42211.04 L:42180.69 C:42206.08
[2026-01-01 03:05:34] [INFO] 📊 New Candle: O:42189.31 H:42217.86 L:42180.69 C:42217.86
[2026-01-01 03:05:36] [INFO] 📊 New Candle: O:42189.31 H:42217.86 L:42180.69 C:42211.32
[2026-01-01 03:05:38] [INFO] 📊 New Candle: O:42189.31 H:42217.86 L:42180.69 C:42210.32
[2026-01-01 03:05:40] [INFO] 📊 New Candle: O:42189.31 H:42217.86 L:42180.69 C:42209.99
[2026-01-01 03:05:42] [INFO] 📊 New Candle: O:42189.31 H:42217.86 L:42180.69 C:42199.72
[2026-01-01 03:05:44] [INFO] 📊 New Candle: O:42189.31 H:42217.86 L:42180.69 C:42199.92
[2026-01-01 03:05:46] [INFO] 📊 New Candle: O:42189.31 H:42217.86 L:42180.69 C:42194.39
[2026-01-01 03:05:48] [INFO] 📊 New Candle: O:42189.31 H:42217.86 L:42180.69 C:42189.93
[2026-01-01 03:05:50] [INFO] 📊 New Candle: O:42189.31 H:42217.86 L:42180.69 C:42202.79
[2026-01-01 03:05:52] [INFO] 📊 New Candle: O:42189.31 H:42217.86 L:42180.69 C:42211.54
[2026-01-01 03:05:54] [INFO] 📊 New Candle: O:42189.31 H:42217.86 L:42180.69 C:42197.95
[2026-01-01 03:05:56] [INFO] 📊 New Candle: O:42189.31 H:42217.86 L:42180.69 C:42203.28
[2026-01-01 03:05:58] [INFO] 📊 New Candle: O:42189.31 H:42217.86 L:42180.69 C:42207.14
[2026-01-01 03:06:00] [INFO] 📊 New Candle: O:42189.31 H:42217.86 L:42180.69 C:42207.18
[2026-01-01 03:06:02] [INFO] 📊 New Candle: O:42189.31 H:42217.86 L:42180.69 C:42200.94
[2026-01-01 03:06:04] [INFO] 📊 New Candle: O:42189.31 H:42217.86 L:42180.69 C:42201.80
[2026-01-01 03:06:06] [INFO] 📊 New Candle: O:42189.31 H:42217.86 L:42180.69 C:42200.17
[2026-01-01 03:06:08] [INFO] 📊 New Candle: O:42189.31 H:42217.86 L:42180.69 C:42204.74
[2026-01-01 03:06:10] [INFO] 📊 New Candle: O:42189.31 H:42217.86 L:42180.69 C:42194.43
[2026-01-01 03:06:12] [INFO] 📊 New Candle: O:42189.31 H:42217.86 L:42180.69 C:42189.54
[2026-01-01 03:06:14] [INFO] 📊 New Candle: O:42189.31 H:42217.86 L:42180.69 C:42195.98
[2026-01-01 03:06:16] [INFO] 📊 New Candle: O:42189.31 H:42217.86 L:42180.69 C:42198.65
[2026-01-01 03:06:18] [INFO] 📊 New Candle: O:42189.31 H:42217.86 L:42180.69 C:42188.09
[2026-01-01 03:06:20] [INFO] 📊 New Candle: O:42189.31 H:42217.86 L:42180.69 C:42188.54
[2026-01-01 03:06:22] [INFO] 📊 New Candle: O:42189.31 H:42217.86 L:42180.69 C:42190.11
[2026-01-01 03:06:24] [INFO] 📊 New Candle: O:42189.31 H:42217.86 L:42180.69 C:42202.60
[2026-01-01 03:06:26] [INFO] 📊 New Candle: O:42189.31 H:42217.86 L:42180.69 C:42207.11
[2026-01-01 03:06:28] [INFO] 📊 New Candle: O:42189.31 H:42217.86 L:42180.69 C:42203.23
[2026-01-01 03:06:30] [INFO] 📊 New Candle: O:42189.31 H:42217.86 L:42180.69 C:42193.91
[2026-01-01 03:06:32] [INFO] 📊 New Candle: O:42189.31 H:42217.86 L:42178.08 C:42178.08
[2026-01-01 03:06:34] [INFO] 📊 New Candle: O:42189.31 H:42217.86 L:42172.07 C:42172.07
[2026-01-01 03:06:36] [INFO] 📊 New Candle: O:42189.31 H:42217.86 L:42169.01 C:42169.01
[2026-01-01 03:06:38] [INFO] 📊 New Candle: O:42189.31 H:42217.86 L:42169.01 C:42171.61
[2026-01-01 03:06:40] [INFO] 📊 New Candle: O:42189.31 H:42217.86 L:42169.01 C:42175.20
[2026-01-01 03:06:42] [INFO] 📊 New Candle: O:42189.31 H:42217.86 L:42169.01 C:42183.77
[2026-01-01 03:06:44] [INFO] 📊 New Candle: O:42189.31 H:42217.86 L:42169.01 C:42184.72
[2026-01-01 03:06:46] [INFO] 📊 New Candle: O:42189.31 H:42217.86 L:42169.01 C:42184.01
[2026-01-01 03:06:48] [INFO] 📊 New Candle: O:42189.31 H:42217.86 L:42169.01 C:42189.10
[2026-01-01 03:06:50] [INFO] 📊 New Candle: O:42189.31 H:42217.86 L:42169.01 C:42188.41
[2026-01-01 03:06:52] [INFO] 📊 New Candle: O:42189.31 H:42217.86 L:42169.01 C:42187.04
[2026-01-01 03:06:54] [INFO] 📊 New Candle: O:42189.31 H:42217.86 L:42169.01 C:42188.19
[2026-01-01 03:06:56] [INFO] 📊 New Candle: O:42189.31 H:42217.86 L:42169.01 C:42186.82
[2026-01-01 03:06:58] [INFO] 📊 New Candle: O:42189.31 H:42217.86 L:42169.01 C:42181.48
[2026-01-01 03:07:00] [INFO] 📊 New Candle: O:42189.31 H:42217.86 L:42168.69 C:42168.69
[2026-01-01 03:07:02] [INFO] 📊 New Candle: O:42189.31 H:42217.86 L:42168.69 C:42170.61
[2026-01-01 03:07:04] [INFO] 📊 New Candle: O:42189.31 H:42217.86 L:42168.69 C:42173.72
[2026-01-01 03:07:06] [INFO] 📊 New Candle: O:42189.31 H:42217.86 L:42168.69 C:42169.64
[2026-01-01 03:07:08] [INFO] 📊 New Candle: O:42189.31 H:42217.86 L:42144.81 C:42144.81
[2026-01-01 03:07:10] [INFO] 📊 New Candle: O:42189.31 H:42217.86 L:42144.81 C:42144.94
[2026-01-01 03:07:12] [INFO] 📊 New Candle: O:42189.31 H:42217.86 L:42130.44 C:42130.44
[2026-01-01 03:07:14] [INFO] 📊 New Candle: O:42189.31 H:42217.86 L:42130.44 C:42134.16
[2026-01-01 03:07:16] [INFO] 📊 New Candle: O:42189.31 H:42217.86 L:42130.44 C:42142.22
[2026-01-01 03:07:18] [INFO] 📊 New Candle: O:42189.31 H:42217.86 L:42130.44 C:42144.44
[2026-01-01 03:07:20] [INFO] 📊 New Candle: O:42189.31 H:42217.86 L:42130.44 C:42148.05
[2026-01-01 03:07:22] [INFO] 📊 New Candle: O:42189.31 H:42217.86 L:42130.44 C:42156.30
[2026-01-01 03:07:24] [INFO] 📊 New Candle: O:42189.31 H:42217.86 L:42130.44 C:42180.26
[2026-01-01 03:07:26] [INFO] 📊 New Candle: O:42189.31 H:42217.86 L:42130.44 C:42164.90
[2026-01-01 03:07:28] [INFO] 📊 New Candle: O:42189.31 H:42217.86 L:42130.44 C:42179.36
[2026-01-01 03:07:30] [INFO] 📊 New Candle: O:42189.31 H:42217.86 L:42130.44 C:42164.51
[2026-01-01 03:07:32] [INFO] 📊 New Candle: O:42189.31 H:42217.86 L:42130.44 C:42166.55
[2026-01-01 03:07:34] [INFO] 📊 New Candle: O:42189.31 H:42217.86 L:42130.44 C:42158.18
[2026-01-01 03:07:36] [INFO] 📊 New Candle: O:42189.31 H:42217.86 L:42130.44 C:42146.17
[2026-01-01 03:07:38] [INFO] 📊 New Candle: O:42189.31 H:42217.86 L:42130.44 C:42148.74
[2026-01-01 03:07:40] [INFO] 📊 New Candle: O:42189.31 H:42217.86 L:42130.44 C:42165.52
[2026-01-01 03:07:42] [INFO] 📊 New Candle: O:42189.31 H:42217.86 L:42130.44 C:42154.16
[2026-01-01 03:07:44] [INFO] 📊 New Candle: O:42189.31 H:42217.86 L:42130.44 C:42161.49
[2026-01-01 03:07:46] [INFO] 📊 New Candle: O:42189.31 H:42217.86 L:42130.44 C:42158.70
[2026-01-01 03:07:48] [INFO] 📊 New Candle: O:42189.31 H:42217.86 L:42130.44 C:42156.57
[2026-01-01 03:07:50] [INFO] 📊 New Candle: O:42189.31 H:42217.86 L:42130.44 C:42153.65
[2026-01-01 03:07:52] [INFO] 📊 New Candle: O:42189.31 H:42217.86 L:42130.44 C:42156.44
[2026-01-01 03:07:54] [INFO] 📊 New Candle: O:42189.31 H:42217.86 L:42130.44 C:42170.54
[2026-01-01 03:07:56] [INFO] 📊 New Candle: O:42189.31 H:42217.86 L:42130.44 C:42175.36
[2026-01-01 03:07:58] [INFO] 📊 New Candle: O:42189.31 H:42217.86 L:42130.44 C:42164.71
[2026-01-01 03:08:00] [INFO] 📊 New Candle: O:42189.31 H:42217.86 L:42130.44 C:42168.31
[2026-01-01 03:08:02] [INFO] 📊 New Candle: O:42189.31 H:42217.86 L:42130.44 C:42167.03
[2026-01-01 03:08:04] [INFO] 📊 New Candle: O:42189.31 H:42217.86 L:42130.44 C:42143.93
[2026-01-01 03:08:06] [INFO] 📊 New Candle: O:42189.31 H:42217.86 L:42130.44 C:42132.35
[2026-01-01 03:08:08] [INFO] 📊 New Candle: O:42189.31 H:42217.86 L:42126.28 C:42126.28
[2026-01-01 03:08:10] [INFO] 📊 New Candle: O:42189.31 H:42217.86 L:42126.28 C:42132.41
[2026-01-01 03:08:12] [INFO] 📊 New Candle: O:42189.31 H:42217.86 L:42126.28 C:42140.36
[2026-01-01 03:08:14] [INFO] 📊 New Candle: O:42189.31 H:42217.86 L:42126.28 C:42141.72
[2026-01-01 03:08:16] [INFO] 📊 New Candle: O:42189.31 H:42217.86 L:42126.28 C:42132.77
[2026-01-01 03:08:18] [INFO] 📊 New Candle: O:42189.31 H:42217.86 L:42121.31 C:42121.31
[2026-01-01 03:08:20] [INFO] 📊 New Candle: O:42189.31 H:42217.86 L:42117.94 C:42117.94
[2026-01-01 03:08:22] [INFO] 📊 New Candle: O:42189.31 H:42217.86 L:42113.64 C:42113.64
[2026-01-01 03:08:24] [INFO] 📊 New Candle: O:42189.31 H:42217.86 L:42101.82 C:42101.82
[2026-01-01 03:08:26] [INFO] 📊 New Candle: O:42189.31 H:42217.86 L:42098.79 C:42098.79
[2026-01-01 03:08:28] [INFO] 📊 New Candle: O:42189.31 H:42217.86 L:42098.79 C:42103.24
[2026-01-01 03:08:30] [INFO] 📊 New Candle: O:42189.31 H:42217.86 L:42098.79 C:42113.39
[2026-01-01 03:08:32] [INFO] 📊 New Candle: O:42189.31 H:42217.86 L:42098.79 C:42124.53
[2026-01-01 03:08:34] [INFO] 📊 New Candle: O:42189.31 H:42217.86 L:42098.79 C:42130.80
[2026-01-01 03:08:36] [INFO] 📊 New Candle: O:42189.31 H:42217.86 L:42098.79 C:42119.94
[2026-01-01 03:08:38] [INFO] 📊 New Candle: O:42189.31 H:42217.86 L:42098.79 C:42127.04
[2026-01-01 03:08:40] [INFO] 📊 New Candle: O:42189.31 H:42217.86 L:42098.79 C:42114.75
[2026-01-01 03:08:42] [INFO] 📊 New Candle: O:42189.31 H:42217.86 L:42098.79 C:42118.44
[2026-01-01 03:08:44] [INFO] 📊 New Candle: O:42189.31 H:42217.86 L:42098.79 C:42125.52
[2026-01-01 03:08:46] [INFO] 📊 New Candle: O:42189.31 H:42217.86 L:42098.79 C:42129.15
[2026-01-01 03:08:48] [INFO] 📊 New Candle: O:42189.31 H:42217.86 L:42098.79 C:42140.41
[2026-01-01 03:08:50] [INFO] 📊 New Candle: O:42189.31 H:42217.86 L:42098.79 C:42138.12
[2026-01-01 03:08:52] [INFO] 📊 New Candle: O:42189.31 H:42217.86 L:42098.79 C:42144.68
[2026-01-01 03:08:54] [INFO] 📊 New Candle: O:42189.31 H:42217.86 L:42098.79 C:42139.73
[2026-01-01 03:08:56] [INFO] 📊 New Candle: O:42189.31 H:42217.86 L:42098.79 C:42133.12
[2026-01-01 03:08:58] [INFO] 📊 New Candle: O:42189.31 H:42217.86 L:42098.79 C:42147.33
[2026-01-01 03:09:00] [INFO] 📊 New Candle: O:42189.31 H:42217.86 L:42098.79 C:42138.31
[2026-01-01 03:09:03] [INFO] 📊 New Candle: O:42189.31 H:42217.86 L:42098.79 C:42132.23
[2026-01-01 03:09:04] [INFO] 📊 New Candle: O:42189.31 H:42217.86 L:42098.79 C:42139.50
[2026-01-01 03:09:06] [INFO] 📊 New Candle: O:42189.31 H:42217.86 L:42098.79 C:42146.32
[2026-01-01 03:09:09] [INFO] 📊 New Candle: O:42189.31 H:42217.86 L:42098.79 C:42146.50
[2026-01-01 03:09:11] [INFO] 📊 New Candle: O:42189.31 H:42217.86 L:42098.79 C:42146.39
[2026-01-01 03:09:12] [INFO] 📊 New Candle: O:42189.31 H:42217.86 L:42098.79 C:42145.72
[2026-01-01 03:09:14] [INFO] 📊 New Candle: O:42189.31 H:42217.86 L:42098.79 C:42152.99
[2026-01-01 03:09:16] [INFO] 📊 New Candle: O:42189.31 H:42217.86 L:42098.79 C:42143.44
[2026-01-01 03:09:18] [INFO] 📊 New Candle: O:42189.31 H:42217.86 L:42098.79 C:42139.43
[2026-01-01 03:09:20] [INFO] 📊 New Candle: O:42189.31 H:42217.86 L:42098.79 C:42131.45
[2026-01-01 03:09:22] [INFO] 📊 New Candle: O:42189.31 H:42217.86 L:42098.79 C:42136.13
[2026-01-01 03:09:24] [INFO] 📊 New Candle: O:42189.31 H:42217.86 L:42098.79 C:42148.28
[2026-01-01 03:09:26] [INFO] 📊 New Candle: O:42189.31 H:42217.86 L:42098.79 C:42144.65
[2026-01-01 03:09:28] [INFO] 📊 New Candle: O:42189.31 H:42217.86 L:42098.79 C:42157.76
[2026-01-01 03:09:30] [INFO] 📊 New Candle: O:42189.31 H:42217.86 L:42098.79 C:42169.23
[2026-01-01 03:09:32] [INFO] 📊 New Candle: O:42189.31 H:42217.86 L:42098.79 C:42163.67
[2026-01-01 03:09:34] [INFO] 📊 New Candle: O:42189.31 H:42217.86 L:42098.79 C:42185.64
[2026-01-01 03:09:36] [INFO] 📊 New Candle: O:42189.31 H:42217.86 L:42098.79 C:42196.76
[2026-01-01 03:09:38] [INFO] 📊 New Candle: O:42189.31 H:42217.86 L:42098.79 C:42199.92
[2026-01-01 03:09:41] [INFO] 📊 New Candle: O:42189.31 H:42217.86 L:42098.79 C:42196.97
[2026-01-01 03:09:42] [INFO] 📊 New Candle: O:42189.31 H:42217.86 L:42098.79 C:42203.86
[2026-01-01 03:09:44] [INFO] 📊 New Candle: O:42189.31 H:42217.86 L:42098.79 C:42189.66
[2026-01-01 03:09:46] [INFO] 📊 New Candle: O:42189.31 H:42217.86 L:42098.79 C:42174.27
[2026-01-01 03:09:48] [INFO] 📊 New Candle: O:42189.31 H:42217.86 L:42098.79 C:42173.79
[2026-01-01 03:09:50] [INFO] 📊 New Candle: O:42189.31 H:42217.86 L:42098.79 C:42173.37
[2026-01-01 03:09:52] [INFO] 📊 New Candle: O:42189.31 H:42217.86 L:42098.79 C:42187.27
[2026-01-01 03:09:54] [INFO] 📊 New Candle: O:42189.31 H:42217.86 L:42098.79 C:42192.89
[2026-01-01 03:09:56] [INFO] 📊 New Candle: O:42189.31 H:42217.86 L:42098.79 C:42177.63
[2026-01-01 03:09:59] [INFO] 📊 New Candle: O:42189.31 H:42217.86 L:42098.79 C:42164.92
[2026-01-01 03:10:00] [INFO] 📊 New Candle: O:42161.78 H:42161.78 L:42161.78 C:42161.78
[2026-01-01 03:10:02] [INFO] 📊 New Candle: O:42161.78 H:42164.60 L:42161.78 C:42164.60
[2026-01-01 03:10:04] [INFO] 📊 New Candle: O:42161.78 H:42165.79 L:42161.78 C:42165.79
[2026-01-01 03:10:06] [INFO] 📊 New Candle: O:42161.78 H:42166.43 L:42161.78 C:42166.43
[2026-01-01 03:10:08] [INFO] 📊 New Candle: O:42161.78 H:42166.43 L:42161.78 C:42163.16
[2026-01-01 03:10:10] [INFO] 📊 New Candle: O:42161.78 H:42175.89 L:42161.78 C:42175.89
[2026-01-01 03:10:12] [INFO] 📊 New Candle: O:42161.78 H:42186.68 L:42161.78 C:42186.68
[2026-01-01 03:10:15] [INFO] 📊 New Candle: O:42161.78 H:42190.66 L:42161.78 C:42190.66
[2026-01-01 03:10:16] [INFO] 📊 New Candle: O:42161.78 H:42190.66 L:42161.78 C:42172.82
[2026-01-01 03:10:18] [INFO] 📊 New Candle: O:42161.78 H:42190.66 L:42161.78 C:42168.59
[2026-01-01 03:10:20] [INFO] 📊 New Candle: O:42161.78 H:42190.66 L:42161.78 C:42169.33
[2026-01-01 03:10:22] [INFO] 📊 New Candle: O:42161.78 H:42190.66 L:42161.78 C:42179.56
[2026-01-01 03:10:24] [INFO] 📊 New Candle: O:42161.78 H:42190.66 L:42161.78 C:42174.26
[2026-01-01 03:10:26] [INFO] 📊 New Candle: O:42161.78 H:42190.66 L:42161.78 C:42169.20
[2026-01-01 03:10:28] [INFO] 📊 New Candle: O:42161.78 H:42190.66 L:42161.78 C:42175.26
[2026-01-01 03:10:30] [INFO] 📊 New Candle: O:42161.78 H:42190.66 L:42161.78 C:42173.99
[2026-01-01 03:10:32] [INFO] 📊 New Candle: O:42161.78 H:42190.66 L:42161.78 C:42170.04
[2026-01-01 03:10:34] [INFO] 📊 New Candle: O:42161.78 H:42190.66 L:42161.78 C:42168.94
[2026-01-01 03:10:36] [INFO] 📊 New Candle: O:42161.78 H:42190.66 L:42161.78 C:42179.33
[2026-01-01 03:10:38] [INFO] 📊 New Candle: O:42161.78 H:42190.66 L:42161.78 C:42189.22
[2026-01-01 03:10:40] [INFO] 📊 New Candle: O:42161.78 H:42190.66 L:42161.78 C:42186.33
[2026-01-01 03:10:42] [INFO] 📊 New Candle: O:42161.78 H:42190.66 L:42161.78 C:42183.58
[2026-01-01 03:10:44] [INFO] 📊 New Candle: O:42161.78 H:42190.66 L:42161.78 C:42173.96
[2026-01-01 03:10:46] [INFO] 📊 New Candle: O:42161.78 H:42190.66 L:42161.78 C:42173.62
[2026-01-01 03:10:48] [INFO] 📊 New Candle: O:42161.78 H:42190.66 L:42161.78 C:42174.58
[2026-01-01 03:10:50] [INFO] 📊 New Candle: O:42161.78 H:42190.66 L:42161.78 C:42173.46
[2026-01-01 03:10:52] [INFO] 📊 New Candle: O:42161.78 H:42190.66 L:42161.78 C:42186.03
[2026-01-01 03:10:54] [INFO] 📊 New Candle: O:42161.78 H:42190.66 L:42161.78 C:42177.98
[2026-01-01 03:10:56] [INFO] 📊 New Candle: O:42161.78 H:42190.66 L:42161.78 C:42183.34
[2026-01-01 03:10:58] [INFO] 📊 New Candle: O:42161.78 H:42190.66 L:42161.78 C:42184.19
[2026-01-01 03:11:00] [INFO] 📊 New Candle: O:42161.78 H:42197.37 L:42161.78 C:42197.37
[2026-01-01 03:11:02] [INFO] 📊 New Candle: O:42161.78 H:42204.73 L:42161.78 C:42204.73
[2026-01-01 03:11:04] [INFO] 📊 New Candle: O:42161.78 H:42211.88 L:42161.78 C:42211.88
[2026-01-01 03:11:06] [INFO] 📊 New Candle: O:42161.78 H:42218.43 L:42161.78 C:42218.43
[2026-01-01 03:11:08] [INFO] 📊 New Candle: O:42161.78 H:42218.90 L:42161.78 C:42218.90
[2026-01-01 03:11:10] [INFO] 📊 New Candle: O:42161.78 H:42218.90 L:42161.78 C:42215.37
[2026-01-01 03:11:12] [INFO] 📊 New Candle: O:42161.78 H:42218.90 L:42161.78 C:42212.01
[2026-01-01 03:11:14] [INFO] 📊 New Candle: O:42161.78 H:42219.15 L:42161.78 C:42219.15
[2026-01-01 03:11:16] [INFO] 📊 New Candle: O:42161.78 H:42219.15 L:42161.78 C:42215.61
[2026-01-01 03:11:18] [INFO] 📊 New Candle: O:42161.78 H:42219.15 L:42161.78 C:42210.46
[2026-01-01 03:11:20] [INFO] 📊 New Candle: O:42161.78 H:42219.15 L:42161.78 C:42212.25
[2026-01-01 03:11:22] [INFO] 📊 New Candle: O:42161.78 H:42219.15 L:42161.78 C:42215.03
[2026-01-01 03:11:24] [INFO] 📊 New Candle: O:42161.78 H:42224.97 L:42161.78 C:42224.97
[2026-01-01 03:11:26] [INFO] 📊 New Candle: O:42161.78 H:42241.45 L:42161.78 C:42241.45
[2026-01-01 03:11:28] [INFO] 📊 New Candle: O:42161.78 H:42242.05 L:42161.78 C:42242.05
[2026-01-01 03:11:30] [INFO] 📊 New Candle: O:42161.78 H:42257.19 L:42161.78 C:42257.19
[2026-01-01 03:11:32] [INFO] 📊 New Candle: O:42161.78 H:42257.19 L:42161.78 C:42252.02
[2026-01-01 03:11:34] [INFO] 📊 New Candle: O:42161.78 H:42257.19 L:42161.78 C:42249.04
[2026-01-01 03:11:36] [INFO] 📊 New Candle: O:42161.78 H:42257.19 L:42161.78 C:42246.14
[2026-01-01 03:11:38] [INFO] 📊 New Candle: O:42161.78 H:42257.19 L:42161.78 C:42226.87
[2026-01-01 03:11:40] [INFO] 📊 New Candle: O:42161.78 H:42257.19 L:42161.78 C:42223.74
[2026-01-01 03:11:42] [INFO] 📊 New Candle: O:42161.78 H:42257.19 L:42161.78 C:42235.11
[2026-01-01 03:11:44] [INFO] 📊 New Candle: O:42161.78 H:42257.19 L:42161.78 C:42242.25
[2026-01-01 03:11:46] [INFO] 📊 New Candle: O:42161.78 H:42257.19 L:42161.78 C:42242.96
[2026-01-01 03:11:48] [INFO] 📊 New Candle: O:42161.78 H:42257.19 L:42161.78 C:42254.01
[2026-01-01 03:11:50] [INFO] 📊 New Candle: O:42161.78 H:42257.19 L:42161.78 C:42249.85
[2026-01-01 03:11:52] [INFO] 📊 New Candle: O:42161.78 H:42257.19 L:42161.78 C:42247.50
[2026-01-01 03:11:54] [INFO] 📊 New Candle: O:42161.78 H:42257.19 L:42161.78 C:42250.97
[2026-01-01 03:11:56] [INFO] 📊 New Candle: O:42161.78 H:42257.19 L:42161.78 C:42245.38
[2026-01-01 03:11:58] [INFO] 📊 New Candle: O:42161.78 H:42257.19 L:42161.78 C:42255.40
[2026-01-01 03:12:00] [INFO] 📊 New Candle: O:42161.78 H:42257.19 L:42161.78 C:42242.06
[2026-01-01 03:12:02] [INFO] 📊 New Candle: O:42161.78 H:42257.19 L:42161.78 C:42237.38
[2026-01-01 03:12:04] [INFO] 📊 New Candle: O:42161.78 H:42257.19 L:42161.78 C:42247.28
[2026-01-01 03:12:06] [INFO] 📊 New Candle: O:42161.78 H:42257.19 L:42161.78 C:42248.10
[2026-01-01 03:12:08] [INFO] 📊 New Candle: O:42161.78 H:42257.19 L:42161.78 C:42256.41
[2026-01-01 03:12:10] [INFO] 📊 New Candle: O:42161.78 H:42257.19 L:42161.78 C:42252.31
[2026-01-01 03:12:12] [INFO] 📊 New Candle: O:42161.78 H:42259.40 L:42161.78 C:42259.40
[2026-01-01 03:12:14] [INFO] 📊 New Candle: O:42161.78 H:42259.40 L:42161.78 C:42255.92
[2026-01-01 03:12:16] [INFO] 📊 New Candle: O:42161.78 H:42259.40 L:42161.78 C:42245.81
[2026-01-01 03:12:18] [INFO] 📊 New Candle: O:42161.78 H:42259.40 L:42161.78 C:42243.80
[2026-01-01 03:12:20] [INFO] 📊 New Candle: O:42161.78 H:42259.40 L:42161.78 C:42230.32
[2026-01-01 03:12:22] [INFO] 📊 New Candle: O:42161.78 H:42259.40 L:42161.78 C:42226.24
[2026-01-01 03:12:24] [INFO] 📊 New Candle: O:42161.78 H:42259.40 L:42161.78 C:42229.38
[2026-01-01 03:12:26] [INFO] 📊 New Candle: O:42161.78 H:42259.40 L:42161.78 C:42233.94
[2026-01-01 03:12:28] [INFO] 📊 New Candle: O:42161.78 H:42259.40 L:42161.78 C:42222.21
[2026-01-01 03:12:30] [INFO] 📊 New Candle: O:42161.78 H:42259.40 L:42161.78 C:42211.04
[2026-01-01 03:12:32] [INFO] 📊 New Candle: O:42161.78 H:42259.40 L:42161.78 C:42213.47
[2026-01-01 03:12:34] [INFO] 📊 New Candle: O:42161.78 H:42259.40 L:42161.78 C:42205.40
[2026-01-01 03:12:36] [INFO] 📊 New Candle: O:42161.78 H:42259.40 L:42161.78 C:42215.43
[2026-01-01 03:12:38] [INFO] 📊 New Candle: O:42161.78 H:42259.40 L:42161.78 C:42210.56
[2026-01-01 03:12:40] [INFO] 📊 New Candle: O:42161.78 H:42259.40 L:42161.78 C:42210.24
[2026-01-01 03:12:42] [INFO] 📊 New Candle: O:42161.78 H:42259.40 L:42161.78 C:42194.75
[2026-01-01 03:12:44] [INFO] 📊 New Candle: O:42161.78 H:42259.40 L:42161.78 C:42197.31
[2026-01-01 03:12:46] [INFO] 📊 New Candle: O:42161.78 H:42259.40 L:42161.78 C:42194.67
[2026-01-01 03:12:48] [INFO] 📊 New Candle: O:42161.78 H:42259.40 L:42161.78 C:42194.09
[2026-01-01 03:12:50] [INFO] 📊 New Candle: O:42161.78 H:42259.40 L:42161.78 C:42192.53
[2026-01-01 03:12:52] [INFO] 📊 New Candle: O:42161.78 H:42259.40 L:42161.78 C:42197.25
[2026-01-01 03:12:54] [INFO] 📊 New Candle: O:42161.78 H:42259.40 L:42161.78 C:42208.76
[2026-01-01 03:12:56] [INFO] 📊 New Candle: O:42161.78 H:42259.40 L:42161.78 C:42204.95
[2026-01-01 03:12:58] [INFO] 📊 New Candle: O:42161.78 H:42259.40 L:42161.78 C:42230.97
[2026-01-01 03:13:00] [INFO] 📊 New Candle: O:42161.78 H:42259.40 L:42161.78 C:42244.54
[2026-01-01 03:13:02] [INFO] 📊 New Candle: O:42161.78 H:42259.40 L:42161.78 C:42259.23
[2026-01-01 03:13:04] [INFO] 📊 New Candle: O:42161.78 H:42267.62 L:42161.78 C:42267.62
[2026-01-01 03:13:06] [INFO] 📊 New Candle: O:42161.78 H:42270.80 L:42161.78 C:42270.80
[2026-01-01 03:13:08] [INFO] 📊 New Candle: O:42161.78 H:42270.80 L:42161.78 C:42268.93
[2026-01-01 03:13:10] [INFO] 📊 New Candle: O:42161.78 H:42273.68 L:42161.78 C:42273.68
[2026-01-01 03:13:12] [INFO] 📊 New Candle: O:42161.78 H:42278.61 L:42161.78 C:42278.61
[2026-01-01 03:13:14] [INFO] 📊 New Candle: O:42161.78 H:42281.18 L:42161.78 C:42281.18
[2026-01-01 03:13:16] [INFO] 📊 New Candle: O:42161.78 H:42282.48 L:42161.78 C:42282.48
[2026-01-01 03:13:18] [INFO] 📊 New Candle: O:42161.78 H:42287.52 L:42161.78 C:42287.52
[2026-01-01 03:13:20] [INFO] 📊 New Candle: O:42161.78 H:42287.52 L:42161.78 C:42282.29
[2026-01-01 03:13:22] [INFO] 📊 New Candle: O:42161.78 H:42287.52 L:42161.78 C:42287.32
[2026-01-01 03:13:24] [INFO] 📊 New Candle: O:42161.78 H:42287.89 L:42161.78 C:42287.89
[2026-01-01 03:13:26] [INFO] 📊 New Candle: O:42161.78 H:42295.47 L:42161.78 C:42295.47
[2026-01-01 03:13:28] [INFO] 📊 New Candle: O:42161.78 H:42298.29 L:42161.78 C:42298.29
[2026-01-01 03:13:30] [INFO] 📊 New Candle: O:42161.78 H:42298.29 L:42161.78 C:42295.00
[2026-01-01 03:13:32] [INFO] 📊 New Candle: O:42161.78 H:42299.15 L:42161.78 C:42299.15
[2026-01-01 03:13:34] [INFO] 📊 New Candle: O:42161.78 H:42299.15 L:42161.78 C:42290.27
[2026-01-01 03:13:36] [INFO] 📊 New Candle: O:42161.78 H:42299.15 L:42161.78 C:42280.55
[2026-01-01 03:13:38] [INFO] 📊 New Candle: O:42161.78 H:42299.15 L:42161.78 C:42281.70
[2026-01-01 03:13:40] [INFO] 📊 New Candle: O:42161.78 H:42299.15 L:42161.78 C:42276.63
[2026-01-01 03:13:42] [INFO] 📊 New Candle: O:42161.78 H:42299.15 L:42161.78 C:42278.92
[2026-01-01 03:13:48] [INFO] 📊 New Candle: O:42161.78 H:42299.15 L:42161.78 C:42274.12
[2026-01-01 03:13:48] [INFO] 📊 New Candle: O:42161.78 H:42299.15 L:42161.78 C:42266.11
[2026-01-01 03:13:48] [INFO] 📊 New Candle: O:42161.78 H:42299.15 L:42161.78 C:42264.98
[2026-01-01 03:13:50] [INFO] 📊 New Candle: O:42161.78 H:42299.15 L:42161.78 C:42260.85
[2026-01-01 03:13:52] [INFO] 📊 New Candle: O:42161.78 H:42299.15 L:42161.78 C:42265.22
[2026-01-01 03:13:54] [INFO] 📊 New Candle: O:42161.78 H:42299.15 L:42161.78 C:42266.93
[2026-01-01 03:13:56] [INFO] 📊 New Candle: O:42161.78 H:42299.15 L:42161.78 C:42258.32
[2026-01-01 03:13:58] [INFO] 📊 New Candle: O:42161.78 H:42299.15 L:42161.78 C:42266.12
[2026-01-01 03:14:00] [INFO] 📊 New Candle: O:42161.78 H:42299.15 L:42161.78 C:42258.30
[2026-01-01 03:14:02] [INFO] 📊 New Candle: O:42161.78 H:42299.15 L:42161.78 C:42246.98
[2026-01-01 03:14:04] [INFO] 📊 New Candle: O:42161.78 H:42299.15 L:42161.78 C:42249.51
[2026-01-01 03:14:06] [INFO] 📊 New Candle: O:42161.78 H:42299.15 L:42161.78 C:42253.89
[2026-01-01 03:14:08] [INFO] 📊 New Candle: O:42161.78 H:42299.15 L:42161.78 C:42263.26
[2026-01-01 03:14:10] [INFO] 📊 New Candle: O:42161.78 H:42299.15 L:42161.78 C:42242.46
[2026-01-01 03:14:12] [INFO] 📊 New Candle: O:42161.78 H:42299.15 L:42161.78 C:42244.55
[2026-01-01 03:14:14] [INFO] 📊 New Candle: O:42161.78 H:42299.15 L:42161.78 C:42243.78
[2026-01-01 03:14:16] [INFO] 📊 New Candle: O:42161.78 H:42299.15 L:42161.78 C:42248.46
[2026-01-01 03:14:18] [INFO] 📊 New Candle: O:42161.78 H:42299.15 L:42161.78 C:42251.42
[2026-01-01 03:14:20] [INFO] 📊 New Candle: O:42161.78 H:42299.15 L:42161.78 C:42243.49
[2026-01-01 03:14:22] [INFO] 📊 New Candle: O:42161.78 H:42299.15 L:42161.78 C:42239.18
[2026-01-01 03:14:24] [INFO] 📊 New Candle: O:42161.78 H:42299.15 L:42161.78 C:42235.21
[2026-01-01 03:14:26] [INFO] 📊 New Candle: O:42161.78 H:42299.15 L:42161.78 C:42230.00
[2026-01-01 03:14:28] [INFO] 📊 New Candle: O:42161.78 H:42299.15 L:42161.78 C:42226.77
[2026-01-01 03:14:30] [INFO] 📊 New Candle: O:42161.78 H:42299.15 L:42161.78 C:42230.58
[2026-01-01 03:14:32] [INFO] 📊 New Candle: O:42161.78 H:42299.15 L:42161.78 C:42219.05
[2026-01-01 03:14:34] [INFO] 📊 New Candle: O:42161.78 H:42299.15 L:42161.78 C:42212.23
[2026-01-01 03:14:36] [INFO] 📊 New Candle: O:42161.78 H:42299.15 L:42161.78 C:42215.59
[2026-01-01 03:14:38] [INFO] 📊 New Candle: O:42161.78 H:42299.15 L:42161.78 C:42215.30
[2026-01-01 03:14:40] [INFO] 📊 New Candle: O:42161.78 H:42299.15 L:42161.78 C:42198.38
[2026-01-01 03:14:42] [INFO] 📊 New Candle: O:42161.78 H:42299.15 L:42161.78 C:42189.50
[2026-01-01 03:14:44] [INFO] 📊 New Candle: O:42161.78 H:42299.15 L:42161.78 C:42194.54
[2026-01-01 03:14:46] [INFO] 📊 New Candle: O:42161.78 H:42299.15 L:42161.78 C:42201.17
[2026-01-01 03:14:48] [INFO] 📊 New Candle: O:42161.78 H:42299.15 L:42161.78 C:42204.05
[2026-01-01 03:14:50] [INFO] 📊 New Candle: O:42161.78 H:42299.15 L:42161.78 C:42198.57
[2026-01-01 03:14:52] [INFO] 📊 New Candle: O:42161.78 H:42299.15 L:42161.78 C:42208.29
[2026-01-01 03:14:54] [INFO] 📊 New Candle: O:42161.78 H:42299.15 L:42161.78 C:42205.97
[2026-01-01 03:14:56] [INFO] 📊 New Candle: O:42161.78 H:42299.15 L:42161.78 C:42190.42
[2026-01-01 03:14:58] [INFO] 📊 New Candle: O:42161.78 H:42299.15 L:42161.78 C:42185.24
[2026-01-01 03:15:00] [INFO] 📊 New Candle: O:42193.38 H:42193.38 L:42193.38 C:42193.38
[2026-01-01 03:15:02] [INFO] 📊 New Candle: O:42193.38 H:42196.39 L:42193.38 C:42196.39
[2026-01-01 03:15:04] [INFO] 📊 New Candle: O:42193.38 H:42199.42 L:42193.38 C:42199.42
[2026-01-01 03:15:06] [INFO] 📊 New Candle: O:42193.38 H:42201.16 L:42193.38 C:42201.16
[2026-01-01 03:15:08] [INFO] 📊 New Candle: O:42193.38 H:42201.16 L:42185.86 C:42185.86
[2026-01-01 03:15:10] [INFO] 📊 New Candle: O:42193.38 H:42201.16 L:42185.86 C:42192.79
[2026-01-01 03:15:12] [INFO] 📊 New Candle: O:42193.38 H:42201.16 L:42185.86 C:42198.80
[2026-01-01 03:15:14] [INFO] 📊 New Candle: O:42193.38 H:42212.01 L:42185.86 C:42212.01
[2026-01-01 03:15:14] [TRADE] 🎯 SHORT SIGNAL DETECTED {"signal":"SHORT","reason":"Downtrend + EMA alignment + Overbought + Pullback","confidence":"HIGH"}
[2026-01-01 03:15:14] [TRADE] 📝 Executing PUT trade...
[2026-01-01 03:15:15] [INFO] 📋 Proposal received {"id":"f089c867-5fa8-334f-2069-069d929a3c23","payout":1.95,"ask_price":1}
[2026-01-01 03:15:15] [SUCCESS] Trade executed! {"contract_id":302904432688,"buy_price":1,"potential_payout":1.95}
[2026-01-01 03:15:16] [INFO] 📊 New Candle: O:42193.38 H:42216.57 L:42185.86 C:42216.57
[2026-01-01 03:15:18] [INFO] 📊 New Candle: O:42193.38 H:42220.63 L:42185.86 C:42220.63
[2026-01-01 03:15:20] [INFO] 📊 New Candle: O:42193.38 H:42220.63 L:42185.86 C:42215.23
[2026-01-01 03:15:22] [INFO] 📊 New Candle: O:42193.38 H:42220.63 L:42185.86 C:42218.02
[2026-01-01 03:15:24] [INFO] 📊 New Candle: O:42193.38 H:42220.63 L:42185.86 C:42201.59
[2026-01-01 03:15:26] [INFO] 📊 New Candle: O:42193.38 H:42220.63 L:42185.86 C:42207.73
[2026-01-01 03:15:28] [INFO] 📊 New Candle: O:42193.38 H:42220.63 L:42185.86 C:42218.34
[2026-01-01 03:15:30] [INFO] 📊 New Candle: O:42193.38 H:42220.63 L:42185.86 C:42215.15
[2026-01-01 03:15:32] [INFO] 📊 New Candle: O:42193.38 H:42220.63 L:42185.86 C:42211.60
[2026-01-01 03:15:34] [INFO] 📊 New Candle: O:42193.38 H:42220.63 L:42185.86 C:42193.92
[2026-01-01 03:15:36] [INFO] 📊 New Candle: O:42193.38 H:42220.63 L:42185.86 C:42198.68
[2026-01-01 03:15:38] [INFO] 📊 New Candle: O:42193.38 H:42220.63 L:42185.86 C:42198.32
[2026-01-01 03:15:40] [INFO] 📊 New Candle: O:42193.38 H:42220.63 L:42185.86 C:42201.25
[2026-01-01 03:15:42] [INFO] 📊 New Candle: O:42193.38 H:42220.63 L:42185.86 C:42204.62
[2026-01-01 03:15:44] [INFO] 📊 New Candle: O:42193.38 H:42220.63 L:42185.86 C:42209.39
[2026-01-01 03:15:46] [INFO] 📊 New Candle: O:42193.38 H:42220.63 L:42185.86 C:42210.51
[2026-01-01 03:15:48] [INFO] 📊 New Candle: O:42193.38 H:42220.63 L:42185.86 C:42219.85
[2026-01-01 03:15:50] [INFO] 📊 New Candle: O:42193.38 H:42220.63 L:42185.86 C:42219.72
[2026-01-01 03:15:52] [INFO] 📊 New Candle: O:42193.38 H:42220.63 L:42185.86 C:42220.17
[2026-01-01 03:15:54] [INFO] 📊 New Candle: O:42193.38 H:42220.63 L:42185.86 C:42214.98
[2026-01-01 03:15:56] [INFO] 📊 New Candle: O:42193.38 H:42220.63 L:42185.86 C:42210.53
[2026-01-01 03:15:58] [INFO] 📊 New Candle: O:42193.38 H:42220.63 L:42185.86 C:42198.20
[2026-01-01 03:16:00] [INFO] 📊 New Candle: O:42193.38 H:42220.63 L:42185.86 C:42197.15
[2026-01-01 03:16:02] [INFO] 📊 New Candle: O:42193.38 H:42220.63 L:42185.86 C:42206.19
[2026-01-01 03:16:04] [INFO] 📊 New Candle: O:42193.38 H:42220.63 L:42185.86 C:42210.56
[2026-01-01 03:16:06] [INFO] 📊 New Candle: O:42193.38 H:42220.63 L:42185.86 C:42196.33
[2026-01-01 03:16:08] [INFO] 📊 New Candle: O:42193.38 H:42220.63 L:42185.86 C:42195.49
[2026-01-01 03:16:10] [INFO] 📊 New Candle: O:42193.38 H:42220.63 L:42185.86 C:42189.38
[2026-01-01 03:16:12] [INFO] 📊 New Candle: O:42193.38 H:42220.63 L:42185.86 C:42187.69
[2026-01-01 03:16:14] [INFO] 📊 New Candle: O:42193.38 H:42220.63 L:42185.86 C:42194.18
[2026-01-01 03:16:16] [INFO] 📊 New Candle: O:42193.38 H:42220.63 L:42185.86 C:42196.03
[2026-01-01 03:16:18] [INFO] 📊 New Candle: O:42193.38 H:42220.63 L:42185.86 C:42211.63
[2026-01-01 03:16:20] [INFO] 📊 New Candle: O:42193.38 H:42220.63 L:42185.86 C:42208.65
[2026-01-01 03:16:22] [INFO] 📊 New Candle: O:42193.38 H:42220.63 L:42185.86 C:42207.58
[2026-01-01 03:16:24] [INFO] 📊 New Candle: O:42193.38 H:42220.63 L:42185.86 C:42211.30
[2026-01-01 03:16:26] [INFO] 📊 New Candle: O:42193.38 H:42220.63 L:42185.86 C:42205.80
[2026-01-01 03:16:28] [INFO] 📊 New Candle: O:42193.38 H:42220.63 L:42185.86 C:42197.19
[2026-01-01 03:16:30] [INFO] 📊 New Candle: O:42193.38 H:42220.63 L:42185.86 C:42192.50
[2026-01-01 03:16:32] [INFO] 📊 New Candle: O:42193.38 H:42220.63 L:42185.86 C:42186.51
[2026-01-01 03:16:34] [INFO] 📊 New Candle: O:42193.38 H:42220.63 L:42185.46 C:42185.46
[2026-01-01 03:16:36] [INFO] 📊 New Candle: O:42193.38 H:42220.63 L:42185.46 C:42188.39
[2026-01-01 03:16:38] [INFO] 📊 New Candle: O:42193.38 H:42220.63 L:42179.66 C:42179.66
[2026-01-01 03:16:40] [INFO] 📊 New Candle: O:42193.38 H:42220.63 L:42179.66 C:42184.10
[2026-01-01 03:16:42] [INFO] 📊 New Candle: O:42193.38 H:42220.63 L:42179.66 C:42192.65
[2026-01-01 03:16:44] [INFO] 📊 New Candle: O:42193.38 H:42220.63 L:42179.66 C:42197.59
[2026-01-01 03:16:46] [INFO] 📊 New Candle: O:42193.38 H:42220.63 L:42179.66 C:42193.30
[2026-01-01 03:16:48] [INFO] 📊 New Candle: O:42193.38 H:42220.63 L:42179.66 C:42208.75
[2026-01-01 03:16:50] [INFO] 📊 New Candle: O:42193.38 H:42220.63 L:42179.66 C:42199.39
[2026-01-01 03:16:52] [INFO] 📊 New Candle: O:42193.38 H:42220.63 L:42179.66 C:42201.59
[2026-01-01 03:16:54] [INFO] 📊 New Candle: O:42193.38 H:42220.63 L:42179.66 C:42193.53
[2026-01-01 03:16:56] [INFO] 📊 New Candle: O:42193.38 H:42220.63 L:42179.66 C:42179.75
[2026-01-01 03:16:58] [INFO] 📊 New Candle: O:42193.38 H:42220.63 L:42173.72 C:42173.72
[2026-01-01 03:17:00] [INFO] 📊 New Candle: O:42193.38 H:42220.63 L:42165.18 C:42165.18
[2026-01-01 03:17:02] [INFO] 📊 New Candle: O:42193.38 H:42220.63 L:42153.12 C:42153.12
[2026-01-01 03:17:04] [INFO] 📊 New Candle: O:42193.38 H:42220.63 L:42153.12 C:42160.51
[2026-01-01 03:17:06] [INFO] 📊 New Candle: O:42193.38 H:42220.63 L:42153.12 C:42172.79
[2026-01-01 03:17:08] [INFO] 📊 New Candle: O:42193.38 H:42220.63 L:42153.12 C:42177.93
[2026-01-01 03:17:10] [INFO] 📊 New Candle: O:42193.38 H:42220.63 L:42153.12 C:42183.60
[2026-01-01 03:17:12] [INFO] 📊 New Candle: O:42193.38 H:42220.63 L:42153.12 C:42181.48
[2026-01-01 03:17:14] [INFO] 📊 New Candle: O:42193.38 H:42220.63 L:42153.12 C:42174.90
[2026-01-01 03:17:16] [INFO] 📊 New Candle: O:42193.38 H:42220.63 L:42153.12 C:42174.35
[2026-01-01 03:17:18] [INFO] 📊 New Candle: O:42193.38 H:42220.63 L:42153.12 C:42183.67
[2026-01-01 03:17:20] [INFO] 📊 New Candle: O:42193.38 H:42220.63 L:42153.12 C:42195.24
[2026-01-01 03:17:22] [INFO] 📊 New Candle: O:42193.38 H:42220.63 L:42153.12 C:42208.13
[2026-01-01 03:17:24] [INFO] 📊 New Candle: O:42193.38 H:42220.63 L:42153.12 C:42211.04
[2026-01-01 03:17:26] [INFO] 📊 New Candle: O:42193.38 H:42220.63 L:42153.12 C:42212.98
[2026-01-01 03:17:28] [INFO] 📊 New Candle: O:42193.38 H:42220.63 L:42153.12 C:42203.52
[2026-01-01 03:17:30] [INFO] 📊 New Candle: O:42193.38 H:42220.63 L:42153.12 C:42198.40
[2026-01-01 03:17:32] [INFO] 📊 New Candle: O:42193.38 H:42220.63 L:42153.12 C:42199.18
[2026-01-01 03:17:34] [INFO] 📊 New Candle: O:42193.38 H:42220.63 L:42153.12 C:42205.50
[2026-01-01 03:17:36] [INFO] 📊 New Candle: O:42193.38 H:42220.63 L:42153.12 C:42217.04
[2026-01-01 03:17:38] [INFO] 📊 New Candle: O:42193.38 H:42223.29 L:42153.12 C:42223.29
[2026-01-01 03:17:40] [INFO] 📊 New Candle: O:42193.38 H:42223.29 L:42153.12 C:42210.96
[2026-01-01 03:17:42] [INFO] 📊 New Candle: O:42193.38 H:42223.29 L:42153.12 C:42214.26
[2026-01-01 03:17:44] [INFO] 📊 New Candle: O:42193.38 H:42233.54 L:42153.12 C:42233.54
[2026-01-01 03:17:46] [INFO] 📊 New Candle: O:42193.38 H:42233.54 L:42153.12 C:42228.80
[2026-01-01 03:17:48] [INFO] 📊 New Candle: O:42193.38 H:42233.54 L:42153.12 C:42202.97
[2026-01-01 03:17:50] [INFO] 📊 New Candle: O:42193.38 H:42233.54 L:42153.12 C:42216.89
[2026-01-01 03:17:52] [INFO] 📊 New Candle: O:42193.38 H:42233.54 L:42153.12 C:42213.09
[2026-01-01 03:17:54] [INFO] 📊 New Candle: O:42193.38 H:42233.54 L:42153.12 C:42224.68
[2026-01-01 03:17:56] [INFO] 📊 New Candle: O:42193.38 H:42233.54 L:42153.12 C:42210.18
[2026-01-01 03:17:58] [INFO] 📊 New Candle: O:42193.38 H:42233.54 L:42153.12 C:42210.06
[2026-01-01 03:18:00] [INFO] 📊 New Candle: O:42193.38 H:42233.54 L:42153.12 C:42221.05
[2026-01-01 03:18:02] [INFO] 📊 New Candle: O:42193.38 H:42233.54 L:42153.12 C:42215.98
[2026-01-01 03:18:04] [INFO] 📊 New Candle: O:42193.38 H:42233.54 L:42153.12 C:42212.43
[2026-01-01 03:18:06] [INFO] 📊 New Candle: O:42193.38 H:42233.54 L:42153.12 C:42220.88
[2026-01-01 03:18:08] [INFO] 📊 New Candle: O:42193.38 H:42233.54 L:42153.12 C:42210.00
[2026-01-01 03:18:10] [INFO] 📊 New Candle: O:42193.38 H:42233.54 L:42153.12 C:42212.97
[2026-01-01 03:18:12] [INFO] 📊 New Candle: O:42193.38 H:42233.54 L:42153.12 C:42217.22
[2026-01-01 03:18:14] [INFO] 📊 New Candle: O:42193.38 H:42233.54 L:42153.12 C:42220.65
[2026-01-01 03:18:16] [INFO] 📊 New Candle: O:42193.38 H:42233.54 L:42153.12 C:42204.44
[2026-01-01 03:18:18] [INFO] 📊 New Candle: O:42193.38 H:42233.54 L:42153.12 C:42197.91
[2026-01-01 03:18:20] [INFO] 📊 New Candle: O:42193.38 H:42233.54 L:42153.12 C:42197.82
[2026-01-01 03:18:22] [INFO] 📊 New Candle: O:42193.38 H:42233.54 L:42153.12 C:42199.79
[2026-01-01 03:18:24] [INFO] 📊 New Candle: O:42193.38 H:42233.54 L:42153.12 C:42195.47
[2026-01-01 03:18:26] [INFO] 📊 New Candle: O:42193.38 H:42233.54 L:42153.12 C:42190.78
[2026-01-01 03:18:28] [INFO] 📊 New Candle: O:42193.38 H:42233.54 L:42153.12 C:42187.20
[2026-01-01 03:18:30] [INFO] 📊 New Candle: O:42193.38 H:42233.54 L:42153.12 C:42170.21
[2026-01-01 03:18:32] [INFO] 📊 New Candle: O:42193.38 H:42233.54 L:42153.12 C:42178.79
[2026-01-01 03:18:34] [INFO] 📊 New Candle: O:42193.38 H:42233.54 L:42153.12 C:42167.22
[2026-01-01 03:18:36] [INFO] 📊 New Candle: O:42193.38 H:42233.54 L:42153.12 C:42170.05
[2026-01-01 03:18:38] [INFO] 📊 New Candle: O:42193.38 H:42233.54 L:42153.12 C:42183.86
[2026-01-01 03:18:40] [INFO] 📊 New Candle: O:42193.38 H:42233.54 L:42153.12 C:42182.49
[2026-01-01 03:18:42] [INFO] 📊 New Candle: O:42193.38 H:42233.54 L:42153.12 C:42172.26
[2026-01-01 03:18:44] [INFO] 📊 New Candle: O:42193.38 H:42233.54 L:42153.12 C:42171.92
[2026-01-01 03:18:46] [INFO] 📊 New Candle: O:42193.38 H:42233.54 L:42153.12 C:42172.13
[2026-01-01 03:18:48] [INFO] 📊 New Candle: O:42193.38 H:42233.54 L:42153.12 C:42181.98
[2026-01-01 03:18:50] [INFO] 📊 New Candle: O:42193.38 H:42233.54 L:42153.12 C:42180.36
[2026-01-01 03:18:52] [INFO] 📊 New Candle: O:42193.38 H:42233.54 L:42153.12 C:42189.92
[2026-01-01 03:18:54] [INFO] 📊 New Candle: O:42193.38 H:42233.54 L:42153.12 C:42202.63
[2026-01-01 03:18:56] [INFO] 📊 New Candle: O:42193.38 H:42233.54 L:42153.12 C:42209.45
[2026-01-01 03:18:58] [INFO] 📊 New Candle: O:42193.38 H:42233.54 L:42153.12 C:42203.11
[2026-01-01 03:19:00] [INFO] 📊 New Candle: O:42193.38 H:42233.54 L:42153.12 C:42200.48
[2026-01-01 03:19:02] [INFO] 📊 New Candle: O:42193.38 H:42233.54 L:42153.12 C:42208.86
[2026-01-01 03:19:04] [INFO] 📊 New Candle: O:42193.38 H:42233.54 L:42153.12 C:42208.86
[2026-01-01 03:19:06] [INFO] 📊 New Candle: O:42193.38 H:42233.54 L:42153.12 C:42205.19
[2026-01-01 03:19:08] [INFO] 📊 New Candle: O:42193.38 H:42233.54 L:42153.12 C:42202.18
[2026-01-01 03:19:10] [INFO] 📊 New Candle: O:42193.38 H:42233.54 L:42153.12 C:42205.36
[2026-01-01 03:19:12] [INFO] 📊 New Candle: O:42193.38 H:42233.54 L:42153.12 C:42214.88
[2026-01-01 03:19:14] [INFO] 📊 New Candle: O:42193.38 H:42233.54 L:42153.12 C:42220.26
[2026-01-01 03:19:16] [INFO] 📊 New Candle: O:42193.38 H:42233.54 L:42153.12 C:42222.95
[2026-01-01 03:19:18] [INFO] 📊 New Candle: O:42193.38 H:42233.54 L:42153.12 C:42223.45
[2026-01-01 03:19:20] [INFO] 📊 New Candle: O:42193.38 H:42233.54 L:42153.12 C:42225.32
[2026-01-01 03:19:22] [INFO] 📊 New Candle: O:42193.38 H:42233.54 L:42153.12 C:42224.29
[2026-01-01 03:19:24] [INFO] 📊 New Candle: O:42193.38 H:42233.54 L:42153.12 C:42207.21
[2026-01-01 03:19:26] [INFO] 📊 New Candle: O:42193.38 H:42233.54 L:42153.12 C:42181.76
[2026-01-01 03:19:28] [INFO] 📊 New Candle: O:42193.38 H:42233.54 L:42153.12 C:42188.00
[2026-01-01 03:19:30] [INFO] 📊 New Candle: O:42193.38 H:42233.54 L:42153.12 C:42180.63
[2026-01-01 03:19:32] [INFO] 📊 New Candle: O:42193.38 H:42233.54 L:42153.12 C:42185.90
[2026-01-01 03:19:34] [INFO] 📊 New Candle: O:42193.38 H:42233.54 L:42153.12 C:42182.31
[2026-01-01 03:19:36] [INFO] 📊 New Candle: O:42193.38 H:42233.54 L:42153.12 C:42180.44
[2026-01-01 03:19:38] [INFO] 📊 New Candle: O:42193.38 H:42233.54 L:42153.12 C:42183.47
[2026-01-01 03:19:40] [INFO] 📊 New Candle: O:42193.38 H:42233.54 L:42153.12 C:42194.69
[2026-01-01 03:19:42] [INFO] 📊 New Candle: O:42193.38 H:42233.54 L:42153.12 C:42195.94
[2026-01-01 03:19:44] [INFO] 📊 New Candle: O:42193.38 H:42233.54 L:42153.12 C:42204.53
[2026-01-01 03:19:46] [INFO] 📊 New Candle: O:42193.38 H:42233.54 L:42153.12 C:42216.64
[2026-01-01 03:19:48] [INFO] 📊 New Candle: O:42193.38 H:42233.54 L:42153.12 C:42220.31
[2026-01-01 03:19:50] [INFO] 📊 New Candle: O:42193.38 H:42233.54 L:42153.12 C:42211.50
[2026-01-01 03:19:52] [INFO] 📊 New Candle: O:42193.38 H:42233.54 L:42153.12 C:42207.65
[2026-01-01 03:19:54] [INFO] 📊 New Candle: O:42193.38 H:42233.54 L:42153.12 C:42196.36
[2026-01-01 03:19:56] [INFO] 📊 New Candle: O:42193.38 H:42233.54 L:42153.12 C:42190.55
[2026-01-01 03:19:58] [INFO] 📊 New Candle: O:42193.38 H:42233.54 L:42153.12 C:42189.26
[2026-01-01 03:20:00] [INFO] 📊 New Candle: O:42204.34 H:42204.34 L:42204.34 C:42204.34
[2026-01-01 03:20:02] [INFO] 📊 New Candle: O:42204.34 H:42215.13 L:42204.34 C:42215.13
[2026-01-01 03:20:04] [INFO] 📊 New Candle: O:42204.34 H:42220.54 L:42204.34 C:42220.54
[2026-01-01 03:20:06] [INFO] 📊 New Candle: O:42204.34 H:42230.08 L:42204.34 C:42230.08
[2026-01-01 03:20:08] [INFO] 📊 New Candle: O:42204.34 H:42230.08 L:42204.34 C:42212.09
[2026-01-01 03:20:10] [INFO] 📊 New Candle: O:42204.34 H:42230.08 L:42202.82 C:42202.82
[2026-01-01 03:20:12] [INFO] 📊 New Candle: O:42204.34 H:42230.08 L:42193.56 C:42193.56
[2026-01-01 03:20:14] [INFO] 📊 New Candle: O:42204.34 H:42230.08 L:42186.45 C:42186.45
[2026-01-01 03:20:16] [INFO] 📊 New Candle: O:42204.34 H:42230.08 L:42186.45 C:42194.45
[2026-01-01 03:20:18] [INFO] 📊 New Candle: O:42204.34 H:42230.08 L:42184.65 C:42184.65
[2026-01-01 03:20:18] [SUCCESS] 🎉 Trade WON! Profit: +$0.95
[2026-01-01 03:20:20] [INFO] 📊 New Candle: O:42204.34 H:42230.08 L:42184.65 C:42188.99
[2026-01-01 03:20:22] [INFO] 📊 New Candle: O:42204.34 H:42230.08 L:42183.20 C:42183.20
[2026-01-01 03:20:24] [INFO] 📊 New Candle: O:42204.34 H:42230.08 L:42183.20 C:42184.40
[2026-01-01 03:20:26] [INFO] 📊 New Candle: O:42204.34 H:42230.08 L:42183.20 C:42183.29
[2026-01-01 03:20:28] [INFO] 📊 New Candle: O:42204.34 H:42230.08 L:42181.48 C:42181.48
[2026-01-01 03:20:30] [INFO] 📊 New Candle: O:42204.34 H:42230.08 L:42178.97 C:42178.97
[2026-01-01 03:20:32] [INFO] 📊 New Candle: O:42204.34 H:42230.08 L:42175.22 C:42175.22
[2026-01-01 03:20:34] [INFO] 📊 New Candle: O:42204.34 H:42230.08 L:42175.22 C:42177.51
[2026-01-01 03:20:36] [INFO] 📊 New Candle: O:42204.34 H:42230.08 L:42172.94 C:42172.94
[2026-01-01 03:20:38] [INFO] 📊 New Candle: O:42204.34 H:42230.08 L:42171.64 C:42171.64
[2026-01-01 03:20:40] [INFO] 📊 New Candle: O:42204.34 H:42230.08 L:42171.29 C:42171.29
[2026-01-01 03:20:42] [INFO] 📊 New Candle: O:42204.34 H:42230.08 L:42171.29 C:42172.50
[2026-01-01 03:20:45] [INFO] 📊 New Candle: O:42204.34 H:42230.08 L:42171.29 C:42172.75
[2026-01-01 03:20:46] [INFO] 📊 New Candle: O:42204.34 H:42230.08 L:42171.29 C:42173.19
[2026-01-01 03:20:48] [INFO] 📊 New Candle: O:42204.34 H:42230.08 L:42168.52 C:42168.52
[2026-01-01 03:20:50] [INFO] 📊 New Candle: O:42204.34 H:42230.08 L:42164.78 C:42164.78
[2026-01-01 03:20:52] [INFO] 📊 New Candle: O:42204.34 H:42230.08 L:42164.78 C:42165.63
[2026-01-01 03:20:55] [INFO] 📊 New Candle: O:42204.34 H:42230.08 L:42164.78 C:42168.43
[2026-01-01 03:20:56] [INFO] 📊 New Candle: O:42204.34 H:42230.08 L:42164.78 C:42172.33
[2026-01-01 03:20:58] [INFO] 📊 New Candle: O:42204.34 H:42230.08 L:42164.78 C:42176.62
[2026-01-01 03:21:00] [INFO] 📊 New Candle: O:42204.34 H:42230.08 L:42164.78 C:42171.26
[2026-01-01 03:21:02] [INFO] 📊 New Candle: O:42204.34 H:42230.08 L:42162.54 C:42162.54
[2026-01-01 03:21:04] [INFO] 📊 New Candle: O:42204.34 H:42230.08 L:42162.54 C:42172.62
[2026-01-01 03:21:06] [INFO] 📊 New Candle: O:42204.34 H:42230.08 L:42162.54 C:42170.78
[2026-01-01 03:21:08] [INFO] 📊 New Candle: O:42204.34 H:42230.08 L:42162.54 C:42170.01
[2026-01-01 03:21:10] [INFO] 📊 New Candle: O:42204.34 H:42230.08 L:42162.54 C:42172.79
[2026-01-01 03:21:12] [INFO] 📊 New Candle: O:42204.34 H:42230.08 L:42162.54 C:42177.37
[2026-01-01 03:21:14] [INFO] 📊 New Candle: O:42204.34 H:42230.08 L:42162.54 C:42164.44
[2026-01-01 03:21:16] [INFO] 📊 New Candle: O:42204.34 H:42230.08 L:42162.54 C:42176.67
[2026-01-01 03:21:18] [INFO] 📊 New Candle: O:42204.34 H:42230.08 L:42162.54 C:42188.33
[2026-01-01 03:21:20] [INFO] 📊 New Candle: O:42204.34 H:42230.08 L:42162.54 C:42198.04
[2026-01-01 03:21:22] [INFO] 📊 New Candle: O:42204.34 H:42230.08 L:42162.54 C:42203.01
[2026-01-01 03:21:24] [INFO] 📊 New Candle: O:42204.34 H:42230.08 L:42162.54 C:42204.06
[2026-01-01 03:21:26] [INFO] 📊 New Candle: O:42204.34 H:42230.08 L:42162.54 C:42210.22
[2026-01-01 03:21:28] [INFO] 📊 New Candle: O:42204.34 H:42230.08 L:42162.54 C:42200.04
[2026-01-01 03:21:30] [INFO] 📊 New Candle: O:42204.34 H:42230.08 L:42162.54 C:42203.24
[2026-01-01 03:21:32] [INFO] 📊 New Candle: O:42204.34 H:42230.08 L:42162.54 C:42207.89
[2026-01-01 03:21:34] [INFO] 📊 New Candle: O:42204.34 H:42230.08 L:42162.54 C:42212.17
[2026-01-01 03:21:36] [INFO] 📊 New Candle: O:42204.34 H:42230.08 L:42162.54 C:42197.08
[2026-01-01 03:21:38] [INFO] 📊 New Candle: O:42204.34 H:42230.08 L:42162.54 C:42198.10
[2026-01-01 03:21:40] [INFO] 📊 New Candle: O:42204.34 H:42230.08 L:42162.54 C:42186.84
[2026-01-01 03:21:42] [INFO] 📊 New Candle: O:42204.34 H:42230.08 L:42162.54 C:42189.25
[2026-01-01 03:21:44] [INFO] 📊 New Candle: O:42204.34 H:42230.08 L:42162.54 C:42205.04
[2026-01-01 03:21:46] [INFO] 📊 New Candle: O:42204.34 H:42230.08 L:42162.54 C:42213.38
[2026-01-01 03:21:48] [INFO] 📊 New Candle: O:42204.34 H:42230.08 L:42162.54 C:42204.47
[2026-01-01 03:21:50] [INFO] 📊 New Candle: O:42204.34 H:42230.08 L:42162.54 C:42199.53
[2026-01-01 03:21:52] [INFO] 📊 New Candle: O:42204.34 H:42230.08 L:42162.54 C:42207.35
[2026-01-01 03:21:54] [INFO] 📊 New Candle: O:42204.34 H:42230.08 L:42162.54 C:42199.56
[2026-01-01 03:21:56] [INFO] 📊 New Candle: O:42204.34 H:42230.08 L:42162.54 C:42200.71
[2026-01-01 03:21:58] [INFO] 📊 New Candle: O:42204.34 H:42230.08 L:42162.54 C:42201.25
[2026-01-01 03:22:00] [INFO] 📊 New Candle: O:42204.34 H:42230.08 L:42162.54 C:42189.95
[2026-01-01 03:22:02] [INFO] 📊 New Candle: O:42204.34 H:42230.08 L:42162.54 C:42187.00
[2026-01-01 03:22:04] [INFO] 📊 New Candle: O:42204.34 H:42230.08 L:42162.54 C:42181.99
[2026-01-01 03:22:06] [INFO] 📊 New Candle: O:42204.34 H:42230.08 L:42162.54 C:42174.11
[2026-01-01 03:22:08] [INFO] 📊 New Candle: O:42204.34 H:42230.08 L:42162.46 C:42162.46
[2026-01-01 03:22:10] [INFO] 📊 New Candle: O:42204.34 H:42230.08 L:42162.46 C:42169.18
[2026-01-01 03:22:12] [INFO] 📊 New Candle: O:42204.34 H:42230.08 L:42162.46 C:42170.79
[2026-01-01 03:22:14] [INFO] 📊 New Candle: O:42204.34 H:42230.08 L:42162.46 C:42180.69
[2026-01-01 03:22:16] [INFO] 📊 New Candle: O:42204.34 H:42230.08 L:42162.46 C:42192.49
[2026-01-01 03:22:18] [INFO] 📊 New Candle: O:42204.34 H:42230.08 L:42162.46 C:42195.86
[2026-01-01 03:22:20] [INFO] 📊 New Candle: O:42204.34 H:42230.08 L:42162.46 C:42199.85
[2026-01-01 03:22:22] [INFO] 📊 New Candle: O:42204.34 H:42230.08 L:42162.46 C:42203.24
[2026-01-01 03:22:24] [INFO] 📊 New Candle: O:42204.34 H:42230.08 L:42162.46 C:42211.28
[2026-01-01 03:22:26] [INFO] 📊 New Candle: O:42204.34 H:42230.08 L:42162.46 C:42218.93
[2026-01-01 03:22:28] [INFO] 📊 New Candle: O:42204.34 H:42239.51 L:42162.46 C:42239.51
[2026-01-01 03:22:30] [INFO] 📊 New Candle: O:42204.34 H:42239.51 L:42162.46 C:42238.59
[2026-01-01 03:22:32] [INFO] 📊 New Candle: O:42204.34 H:42239.51 L:42162.46 C:42238.49
[2026-01-01 03:22:34] [INFO] 📊 New Candle: O:42204.34 H:42239.51 L:42162.46 C:42226.11
[2026-01-01 03:22:36] [INFO] 📊 New Candle: O:42204.34 H:42239.51 L:42162.46 C:42238.79
[2026-01-01 03:22:38] [INFO] 📊 New Candle: O:42204.34 H:42239.51 L:42162.46 C:42235.70
[2026-01-01 03:22:40] [INFO] 📊 New Candle: O:42204.34 H:42239.51 L:42162.46 C:42215.56
[2026-01-01 03:22:42] [INFO] 📊 New Candle: O:42204.34 H:42239.51 L:42162.46 C:42207.80
[2026-01-01 03:22:44] [INFO] 📊 New Candle: O:42204.34 H:42239.51 L:42162.46 C:42198.68
[2026-01-01 03:22:46] [INFO] 📊 New Candle: O:42204.34 H:42239.51 L:42162.46 C:42202.87
[2026-01-01 03:22:48] [INFO] 📊 New Candle: O:42204.34 H:42239.51 L:42162.46 C:42215.42
[2026-01-01 03:22:50] [INFO] 📊 New Candle: O:42204.34 H:42239.51 L:42162.46 C:42205.21
[2026-01-01 03:22:52] [INFO] 📊 New Candle: O:42204.34 H:42239.51 L:42162.46 C:42204.35
[2026-01-01 03:22:54] [INFO] 📊 New Candle: O:42204.34 H:42239.51 L:42162.46 C:42210.00
[2026-01-01 03:22:56] [INFO] 📊 New Candle: O:42204.34 H:42239.51 L:42162.46 C:42217.56
[2026-01-01 03:22:58] [INFO] 📊 New Candle: O:42204.34 H:42239.51 L:42162.46 C:42208.58
[2026-01-01 03:23:00] [INFO] 📊 New Candle: O:42204.34 H:42239.51 L:42162.46 C:42213.67
[2026-01-01 03:23:02] [INFO] 📊 New Candle: O:42204.34 H:42239.51 L:42162.46 C:42198.32
[2026-01-01 03:23:04] [INFO] 📊 New Candle: O:42204.34 H:42239.51 L:42162.46 C:42202.07
[2026-01-01 03:23:06] [INFO] 📊 New Candle: O:42204.34 H:42239.51 L:42162.46 C:42196.42
[2026-01-01 03:23:08] [INFO] 📊 New Candle: O:42204.34 H:42239.51 L:42162.46 C:42211.77
[2026-01-01 03:23:10] [INFO] 📊 New Candle: O:42204.34 H:42239.51 L:42162.46 C:42222.46
[2026-01-01 03:23:12] [INFO] 📊 New Candle: O:42204.34 H:42239.51 L:42162.46 C:42220.10
[2026-01-01 03:23:14] [INFO] 📊 New Candle: O:42204.34 H:42239.51 L:42162.46 C:42236.24
[2026-01-01 03:23:16] [INFO] 📊 New Candle: O:42204.34 H:42245.98 L:42162.46 C:42245.98
[2026-01-01 03:23:18] [INFO] 📊 New Candle: O:42204.34 H:42245.98 L:42162.46 C:42237.12
[2026-01-01 03:23:20] [INFO] 📊 New Candle: O:42204.34 H:42245.98 L:42162.46 C:42239.36
[2026-01-01 03:23:22] [INFO] 📊 New Candle: O:42204.34 H:42245.98 L:42162.46 C:42233.01
[2026-01-01 03:23:24] [INFO] 📊 New Candle: O:42204.34 H:42246.45 L:42162.46 C:42246.45
[2026-01-01 03:23:26] [INFO] 📊 New Candle: O:42204.34 H:42258.67 L:42162.46 C:42258.67
[2026-01-01 03:23:28] [INFO] 📊 New Candle: O:42204.34 H:42260.12 L:42162.46 C:42260.12
[2026-01-01 03:23:30] [INFO] 📊 New Candle: O:42204.34 H:42260.12 L:42162.46 C:42259.54
[2026-01-01 03:23:32] [INFO] 📊 New Candle: O:42204.34 H:42260.12 L:42162.46 C:42258.65
[2026-01-01 03:23:34] [INFO] 📊 New Candle: O:42204.34 H:42260.12 L:42162.46 C:42254.69
[2026-01-01 03:23:36] [INFO] 📊 New Candle: O:42204.34 H:42260.12 L:42162.46 C:42247.26
[2026-01-01 03:23:38] [INFO] 📊 New Candle: O:42204.34 H:42260.12 L:42162.46 C:42236.94
[2026-01-01 03:23:40] [INFO] 📊 New Candle: O:42204.34 H:42260.12 L:42162.46 C:42240.81
[2026-01-01 03:23:42] [INFO] 📊 New Candle: O:42204.34 H:42260.12 L:42162.46 C:42236.30
[2026-01-01 03:23:44] [INFO] 📊 New Candle: O:42204.34 H:42260.12 L:42162.46 C:42234.78
[2026-01-01 03:23:46] [INFO] 📊 New Candle: O:42204.34 H:42260.12 L:42162.46 C:42225.06
[2026-01-01 03:23:48] [INFO] 📊 New Candle: O:42204.34 H:42260.12 L:42162.46 C:42217.84
[2026-01-01 03:23:50] [INFO] 📊 New Candle: O:42204.34 H:42260.12 L:42162.46 C:42205.77
[2026-01-01 03:23:52] [INFO] 📊 New Candle: O:42204.34 H:42260.12 L:42162.46 C:42218.26
[2026-01-01 03:23:54] [INFO] 📊 New Candle: O:42204.34 H:42260.12 L:42162.46 C:42204.44
[2026-01-01 03:23:56] [INFO] 📊 New Candle: O:42204.34 H:42260.12 L:42162.46 C:42206.65
[2026-01-01 03:23:58] [INFO] 📊 New Candle: O:42204.34 H:42260.12 L:42162.46 C:42200.42
[2026-01-01 03:24:00] [INFO] 📊 New Candle: O:42204.34 H:42260.12 L:42162.46 C:42193.88
[2026-01-01 03:24:02] [INFO] 📊 New Candle: O:42204.34 H:42260.12 L:42162.46 C:42191.73
[2026-01-01 03:24:04] [INFO] 📊 New Candle: O:42204.34 H:42260.12 L:42162.46 C:42193.12
[2026-01-01 03:24:06] [INFO] 📊 New Candle: O:42204.34 H:42260.12 L:42162.46 C:42197.26
[2026-01-01 03:24:08] [INFO] 📊 New Candle: O:42204.34 H:42260.12 L:42162.46 C:42197.23
[2026-01-01 03:24:10] [INFO] 📊 New Candle: O:42204.34 H:42260.12 L:42162.46 C:42187.60
[2026-01-01 03:24:12] [INFO] 📊 New Candle: O:42204.34 H:42260.12 L:42162.46 C:42186.24
[2026-01-01 03:24:14] [INFO] 📊 New Candle: O:42204.34 H:42260.12 L:42162.46 C:42185.83
[2026-01-01 03:24:16] [INFO] 📊 New Candle: O:42204.34 H:42260.12 L:42162.46 C:42178.00
[2026-01-01 03:24:18] [INFO] 📊 New Candle: O:42204.34 H:42260.12 L:42162.46 C:42185.23
[2026-01-01 03:24:20] [INFO] 📊 New Candle: O:42204.34 H:42260.12 L:42162.46 C:42175.40
[2026-01-01 03:24:22] [INFO] 📊 New Candle: O:42204.34 H:42260.12 L:42162.46 C:42172.52
[2026-01-01 03:24:24] [INFO] 📊 New Candle: O:42204.34 H:42260.12 L:42162.46 C:42172.88
[2026-01-01 03:24:26] [INFO] 📊 New Candle: O:42204.34 H:42260.12 L:42162.46 C:42174.49
[2026-01-01 03:24:28] [INFO] 📊 New Candle: O:42204.34 H:42260.12 L:42162.46 C:42166.91
[2026-01-01 03:24:30] [INFO] 📊 New Candle: O:42204.34 H:42260.12 L:42162.46 C:42167.84
[2026-01-01 03:24:32] [INFO] 📊 New Candle: O:42204.34 H:42260.12 L:42162.46 C:42170.71
[2026-01-01 03:24:34] [INFO] 📊 New Candle: O:42204.34 H:42260.12 L:42162.46 C:42162.61
[2026-01-01 03:24:36] [INFO] 📊 New Candle: O:42204.34 H:42260.12 L:42162.46 C:42170.46
[2026-01-01 03:24:38] [INFO] 📊 New Candle: O:42204.34 H:42260.12 L:42162.46 C:42179.56
[2026-01-01 03:24:40] [INFO] 📊 New Candle: O:42204.34 H:42260.12 L:42162.46 C:42173.35
[2026-01-01 03:24:42] [INFO] 📊 New Candle: O:42204.34 H:42260.12 L:42162.46 C:42185.28
[2026-01-01 03:24:44] [INFO] 📊 New Candle: O:42204.34 H:42260.12 L:42162.46 C:42188.96
[2026-01-01 03:24:46] [INFO] 📊 New Candle: O:42204.34 H:42260.12 L:42162.46 C:42188.94
[2026-01-01 03:24:48] [INFO] 📊 New Candle: O:42204.34 H:42260.12 L:42162.46 C:42181.79
[2026-01-01 03:24:50] [INFO] 📊 New Candle: O:42204.34 H:42260.12 L:42162.46 C:42175.18
[2026-01-01 03:24:52] [INFO] 📊 New Candle: O:42204.34 H:42260.12 L:42162.46 C:42171.73
[2026-01-01 03:24:54] [INFO] 📊 New Candle: O:42204.34 H:42260.12 L:42162.46 C:42180.26
[2026-01-01 03:24:56] [INFO] 📊 New Candle: O:42204.34 H:42260.12 L:42162.46 C:42185.62
[2026-01-01 03:24:58] [INFO] 📊 New Candle: O:42204.34 H:42260.12 L:42162.46 C:42199.34
[2026-01-01 03:25:00] [INFO] 📊 New Candle: O:42199.27 H:42199.27 L:42199.27 C:42199.27
[2026-01-01 03:25:02] [INFO] 📊 New Candle: O:42199.27 H:42202.07 L:42199.27 C:42202.07
[2026-01-01 03:25:04] [INFO] 📊 New Candle: O:42199.27 H:42202.07 L:42198.20 C:42198.20
[2026-01-01 03:25:06] [INFO] 📊 New Candle: O:42199.27 H:42204.43 L:42198.20 C:42204.43
[2026-01-01 03:25:08] [INFO] 📊 New Candle: O:42199.27 H:42209.24 L:42198.20 C:42209.24
[2026-01-01 03:25:10] [INFO] 📊 New Candle: O:42199.27 H:42225.23 L:42198.20 C:42225.23
[2026-01-01 03:25:12] [INFO] 📊 New Candle: O:42199.27 H:42230.30 L:42198.20 C:42230.30
[2026-01-01 03:25:14] [INFO] 📊 New Candle: O:42199.27 H:42232.89 L:42198.20 C:42232.89
[2026-01-01 03:25:16] [INFO] 📊 New Candle: O:42199.27 H:42252.81 L:42198.20 C:42252.81
[2026-01-01 03:25:18] [INFO] 📊 New Candle: O:42199.27 H:42252.81 L:42198.20 C:42251.28
[2026-01-01 03:25:20] [INFO] 📊 New Candle: O:42199.27 H:42266.38 L:42198.20 C:42266.38
[2026-01-01 03:25:22] [INFO] 📊 New Candle: O:42199.27 H:42266.38 L:42198.20 C:42256.44
[2026-01-01 03:25:25] [INFO] 📊 New Candle: O:42199.27 H:42266.38 L:42198.20 C:42258.40
[2026-01-01 03:25:26] [INFO] 📊 New Candle: O:42199.27 H:42266.38 L:42198.20 C:42257.65
[2026-01-01 03:25:28] [INFO] 📊 New Candle: O:42199.27 H:42266.38 L:42198.20 C:42258.79
[2026-01-01 03:25:30] [INFO] 📊 New Candle: O:42199.27 H:42266.38 L:42198.20 C:42234.94
[2026-01-01 03:25:32] [INFO] 📊 New Candle: O:42199.27 H:42266.38 L:42198.20 C:42233.28
[2026-01-01 03:25:34] [INFO] 📊 New Candle: O:42199.27 H:42266.38 L:42198.20 C:42241.15
[2026-01-01 03:25:36] [INFO] 📊 New Candle: O:42199.27 H:42266.38 L:42198.20 C:42247.01
[2026-01-01 03:25:38] [INFO] 📊 New Candle: O:42199.27 H:42266.38 L:42198.20 C:42239.05
[2026-01-01 03:25:40] [INFO] 📊 New Candle: O:42199.27 H:42266.38 L:42198.20 C:42247.06
[2026-01-01 03:25:42] [INFO] 📊 New Candle: O:42199.27 H:42266.38 L:42198.20 C:42250.80
[2026-01-01 03:25:44] [INFO] 📊 New Candle: O:42199.27 H:42266.38 L:42198.20 C:42255.47
[2026-01-01 03:25:46] [INFO] 📊 New Candle: O:42199.27 H:42266.38 L:42198.20 C:42260.93
[2026-01-01 03:25:48] [INFO] 📊 New Candle: O:42199.27 H:42266.38 L:42198.20 C:42257.86
[2026-01-01 03:25:50] [INFO] 📊 New Candle: O:42199.27 H:42266.38 L:42198.20 C:42266.35
[2026-01-01 03:25:52] [INFO] 📊 New Candle: O:42199.27 H:42266.38 L:42198.20 C:42247.42
[2026-01-01 03:25:54] [INFO] 📊 New Candle: O:42199.27 H:42266.38 L:42198.20 C:42253.74
[2026-01-01 03:25:56] [INFO] 📊 New Candle: O:42199.27 H:42266.38 L:42198.20 C:42259.05
[2026-01-01 03:25:58] [INFO] 📊 New Candle: O:42199.27 H:42285.30 L:42198.20 C:42285.30
[2026-01-01 03:26:00] [INFO] 📊 New Candle: O:42199.27 H:42285.30 L:42198.20 C:42278.10
[2026-01-01 03:26:02] [INFO] 📊 New Candle: O:42199.27 H:42285.30 L:42198.20 C:42281.40
[2026-01-01 03:26:04] [INFO] 📊 New Candle: O:42199.27 H:42285.30 L:42198.20 C:42273.26
[2026-01-01 03:26:06] [INFO] 📊 New Candle: O:42199.27 H:42285.30 L:42198.20 C:42280.09
[2026-01-01 03:26:08] [INFO] 📊 New Candle: O:42199.27 H:42288.28 L:42198.20 C:42288.28
[2026-01-01 03:26:10] [INFO] 📊 New Candle: O:42199.27 H:42294.67 L:42198.20 C:42294.67
[2026-01-01 03:26:12] [INFO] 📊 New Candle: O:42199.27 H:42294.67 L:42198.20 C:42288.36
[2026-01-01 03:26:14] [INFO] 📊 New Candle: O:42199.27 H:42294.67 L:42198.20 C:42278.55
[2026-01-01 03:26:16] [INFO] 📊 New Candle: O:42199.27 H:42294.67 L:42198.20 C:42283.11
[2026-01-01 03:26:18] [INFO] 📊 New Candle: O:42199.27 H:42294.67 L:42198.20 C:42276.92
[2026-01-01 03:26:20] [INFO] 📊 New Candle: O:42199.27 H:42294.67 L:42198.20 C:42271.81
[2026-01-01 03:26:22] [INFO] 📊 New Candle: O:42199.27 H:42294.67 L:42198.20 C:42266.83
[2026-01-01 03:26:24] [INFO] 📊 New Candle: O:42199.27 H:42294.67 L:42198.20 C:42263.73
[2026-01-01 03:26:26] [INFO] 📊 New Candle: O:42199.27 H:42294.67 L:42198.20 C:42268.26
[2026-01-01 03:26:28] [INFO] 📊 New Candle: O:42199.27 H:42294.67 L:42198.20 C:42270.51
[2026-01-01 03:26:30] [INFO] 📊 New Candle: O:42199.27 H:42294.67 L:42198.20 C:42274.74
[2026-01-01 03:26:32] [INFO] 📊 New Candle: O:42199.27 H:42294.67 L:42198.20 C:42274.08
[2026-01-01 03:26:34] [INFO] 📊 New Candle: O:42199.27 H:42294.67 L:42198.20 C:42286.33
[2026-01-01 03:26:36] [INFO] 📊 New Candle: O:42199.27 H:42294.67 L:42198.20 C:42279.24
[2026-01-01 03:26:38] [INFO] 📊 New Candle: O:42199.27 H:42294.67 L:42198.20 C:42277.84
[2026-01-01 03:26:40] [INFO] 📊 New Candle: O:42199.27 H:42294.67 L:42198.20 C:42283.07
[2026-01-01 03:26:42] [INFO] 📊 New Candle: O:42199.27 H:42294.67 L:42198.20 C:42293.13
[2026-01-01 03:26:44] [INFO] 📊 New Candle: O:42199.27 H:42294.67 L:42198.20 C:42288.49
[2026-01-01 03:26:46] [INFO] 📊 New Candle: O:42199.27 H:42299.83 L:42198.20 C:42299.83
[2026-01-01 03:26:48] [INFO] 📊 New Candle: O:42199.27 H:42299.83 L:42198.20 C:42292.99
[2026-01-01 03:26:50] [INFO] 📊 New Candle: O:42199.27 H:42299.83 L:42198.20 C:42277.47
[2026-01-01 03:26:52] [INFO] 📊 New Candle: O:42199.27 H:42299.83 L:42198.20 C:42279.46
[2026-01-01 03:26:54] [INFO] 📊 New Candle: O:42199.27 H:42299.83 L:42198.20 C:42288.93
[2026-01-01 03:26:56] [INFO] 📊 New Candle: O:42199.27 H:42299.83 L:42198.20 C:42289.06
[2026-01-01 03:26:58] [INFO] 📊 New Candle: O:42199.27 H:42305.59 L:42198.20 C:42305.59
[2026-01-01 03:27:00] [INFO] 📊 New Candle: O:42199.27 H:42312.78 L:42198.20 C:42312.78
[2026-01-01 03:27:02] [INFO] 📊 New Candle: O:42199.27 H:42317.85 L:42198.20 C:42317.85
[2026-01-01 03:27:04] [INFO] 📊 New Candle: O:42199.27 H:42323.15 L:42198.20 C:42323.15
[2026-01-01 03:27:06] [INFO] 📊 New Candle: O:42199.27 H:42326.08 L:42198.20 C:42326.08
[2026-01-01 03:27:08] [INFO] 📊 New Candle: O:42199.27 H:42326.08 L:42198.20 C:42318.96
[2026-01-01 03:27:10] [INFO] 📊 New Candle: O:42199.27 H:42331.33 L:42198.20 C:42331.33
[2026-01-01 03:27:12] [INFO] 📊 New Candle: O:42199.27 H:42331.33 L:42198.20 C:42322.44
[2026-01-01 03:27:14] [INFO] 📊 New Candle: O:42199.27 H:42335.65 L:42198.20 C:42335.65
[2026-01-01 03:27:16] [INFO] 📊 New Candle: O:42199.27 H:42336.08 L:42198.20 C:42336.08
[2026-01-01 03:27:18] [INFO] 📊 New Candle: O:42199.27 H:42339.32 L:42198.20 C:42339.32
[2026-01-01 03:27:20] [INFO] 📊 New Candle: O:42199.27 H:42339.32 L:42198.20 C:42336.64
[2026-01-01 03:27:22] [INFO] 📊 New Candle: O:42199.27 H:42343.04 L:42198.20 C:42343.04
[2026-01-01 03:27:24] [INFO] 📊 New Candle: O:42199.27 H:42350.63 L:42198.20 C:42350.63
[2026-01-01 03:27:26] [INFO] 📊 New Candle: O:42199.27 H:42356.77 L:42198.20 C:42356.77
[2026-01-01 03:27:28] [INFO] 📊 New Candle: O:42199.27 H:42356.77 L:42198.20 C:42348.60
[2026-01-01 03:27:30] [INFO] 📊 New Candle: O:42199.27 H:42366.05 L:42198.20 C:42366.05
[2026-01-01 03:27:32] [INFO] 📊 New Candle: O:42199.27 H:42366.05 L:42198.20 C:42363.48
[2026-01-01 03:27:34] [INFO] 📊 New Candle: O:42199.27 H:42366.51 L:42198.20 C:42366.51
[2026-01-01 03:27:36] [INFO] 📊 New Candle: O:42199.27 H:42366.51 L:42198.20 C:42360.29
[2026-01-01 03:27:38] [INFO] 📊 New Candle: O:42199.27 H:42367.88 L:42198.20 C:42367.88
[2026-01-01 03:27:40] [INFO] 📊 New Candle: O:42199.27 H:42372.24 L:42198.20 C:42372.24
[2026-01-01 03:27:42] [INFO] 📊 New Candle: O:42199.27 H:42372.24 L:42198.20 C:42356.16
[2026-01-01 03:27:44] [INFO] 📊 New Candle: O:42199.27 H:42372.24 L:42198.20 C:42341.76
[2026-01-01 03:27:46] [INFO] 📊 New Candle: O:42199.27 H:42372.24 L:42198.20 C:42334.45
[2026-01-01 03:27:48] [INFO] 📊 New Candle: O:42199.27 H:42372.24 L:42198.20 C:42341.75
[2026-01-01 03:27:50] [INFO] 📊 New Candle: O:42199.27 H:42372.24 L:42198.20 C:42343.73
[2026-01-01 03:27:52] [INFO] 📊 New Candle: O:42199.27 H:42372.24 L:42198.20 C:42352.64
[2026-01-01 03:27:54] [INFO] 📊 New Candle: O:42199.27 H:42372.24 L:42198.20 C:42351.46
[2026-01-01 03:27:56] [INFO] 📊 New Candle: O:42199.27 H:42372.24 L:42198.20 C:42358.85
[2026-01-01 03:27:58] [INFO] 📊 New Candle: O:42199.27 H:42372.24 L:42198.20 C:42361.69
[2026-01-01 03:28:00] [INFO] 📊 New Candle: O:42199.27 H:42375.85 L:42198.20 C:42375.85
[2026-01-01 03:28:02] [INFO] 📊 New Candle: O:42199.27 H:42381.57 L:42198.20 C:42381.57
[2026-01-01 03:28:04] [INFO] 📊 New Candle: O:42199.27 H:42383.34 L:42198.20 C:42383.34
[2026-01-01 03:28:06] [INFO] 📊 New Candle: O:42199.27 H:42385.15 L:42198.20 C:42385.15
[2026-01-01 03:28:08] [INFO] 📊 New Candle: O:42199.27 H:42394.88 L:42198.20 C:42394.88
[2026-01-01 03:28:10] [INFO] 📊 New Candle: O:42199.27 H:42401.53 L:42198.20 C:42401.53
[2026-01-01 03:28:12] [INFO] 📊 New Candle: O:42199.27 H:42401.53 L:42198.20 C:42401.28
[2026-01-01 03:28:14] [INFO] 📊 New Candle: O:42199.27 H:42401.53 L:42198.20 C:42398.61
[2026-01-01 03:28:16] [INFO] 📊 New Candle: O:42199.27 H:42406.90 L:42198.20 C:42406.90
[2026-01-01 03:28:18] [INFO] 📊 New Candle: O:42199.27 H:42415.55 L:42198.20 C:42415.55
[2026-01-01 03:28:20] [INFO] 📊 New Candle: O:42199.27 H:42415.55 L:42198.20 C:42393.30
[2026-01-01 03:28:22] [INFO] 📊 New Candle: O:42199.27 H:42415.55 L:42198.20 C:42383.23
[2026-01-01 03:28:24] [INFO] 📊 New Candle: O:42199.27 H:42415.55 L:42198.20 C:42395.97
[2026-01-01 03:28:26] [INFO] 📊 New Candle: O:42199.27 H:42415.55 L:42198.20 C:42398.54
[2026-01-01 03:28:28] [INFO] 📊 New Candle: O:42199.27 H:42415.55 L:42198.20 C:42394.23
[2026-01-01 03:28:30] [INFO] 📊 New Candle: O:42199.27 H:42415.55 L:42198.20 C:42387.24
[2026-01-01 03:28:32] [INFO] 📊 New Candle: O:42199.27 H:42415.55 L:42198.20 C:42377.08
[2026-01-01 03:28:34] [INFO] 📊 New Candle: O:42199.27 H:42415.55 L:42198.20 C:42375.67
[2026-01-01 03:28:36] [INFO] 📊 New Candle: O:42199.27 H:42415.55 L:42198.20 C:42362.65
[2026-01-01 03:28:38] [INFO] 📊 New Candle: O:42199.27 H:42415.55 L:42198.20 C:42357.98
[2026-01-01 03:28:40] [INFO] 📊 New Candle: O:42199.27 H:42415.55 L:42198.20 C:42357.31
[2026-01-01 03:28:42] [INFO] 📊 New Candle: O:42199.27 H:42415.55 L:42198.20 C:42343.22
[2026-01-01 03:28:44] [INFO] 📊 New Candle: O:42199.27 H:42415.55 L:42198.20 C:42340.21
[2026-01-01 03:28:46] [INFO] 📊 New Candle: O:42199.27 H:42415.55 L:42198.20 C:42347.34
[2026-01-01 03:28:48] [INFO] 📊 New Candle: O:42199.27 H:42415.55 L:42198.20 C:42356.02
[2026-01-01 03:28:50] [INFO] 📊 New Candle: O:42199.27 H:42415.55 L:42198.20 C:42357.73
[2026-01-01 03:28:52] [INFO] 📊 New Candle: O:42199.27 H:42415.55 L:42198.20 C:42359.40
[2026-01-01 03:28:54] [INFO] 📊 New Candle: O:42199.27 H:42415.55 L:42198.20 C:42355.94
[2026-01-01 03:28:56] [INFO] 📊 New Candle: O:42199.27 H:42415.55 L:42198.20 C:42365.60
[2026-01-01 03:28:58] [INFO] 📊 New Candle: O:42199.27 H:42415.55 L:42198.20 C:42369.62
[2026-01-01 03:29:00] [INFO] 📊 New Candle: O:42199.27 H:42415.55 L:42198.20 C:42372.68
[2026-01-01 03:29:02] [INFO] 📊 New Candle: O:42199.27 H:42415.55 L:42198.20 C:42374.89
[2026-01-01 03:29:04] [INFO] 📊 New Candle: O:42199.27 H:42415.55 L:42198.20 C:42376.01
[2026-01-01 03:29:06] [INFO] 📊 New Candle: O:42199.27 H:42415.55 L:42198.20 C:42382.73
[2026-01-01 03:29:08] [INFO] 📊 New Candle: O:42199.27 H:42415.55 L:42198.20 C:42390.56
[2026-01-01 03:29:10] [INFO] 📊 New Candle: O:42199.27 H:42415.55 L:42198.20 C:42400.94
[2026-01-01 03:29:12] [INFO] 📊 New Candle: O:42199.27 H:42415.55 L:42198.20 C:42386.86
[2026-01-01 03:29:14] [INFO] 📊 New Candle: O:42199.27 H:42415.55 L:42198.20 C:42395.57
[2026-01-01 03:29:16] [INFO] 📊 New Candle: O:42199.27 H:42415.55 L:42198.20 C:42388.63
[2026-01-01 03:29:18] [INFO] 📊 New Candle: O:42199.27 H:42415.55 L:42198.20 C:42391.31
[2026-01-01 03:29:20] [INFO] 📊 New Candle: O:42199.27 H:42415.55 L:42198.20 C:42387.62
[2026-01-01 03:29:22] [INFO] 📊 New Candle: O:42199.27 H:42415.55 L:42198.20 C:42386.57
[2026-01-01 03:29:24] [INFO] 📊 New Candle: O:42199.27 H:42415.55 L:42198.20 C:42389.52
[2026-01-01 03:29:26] [INFO] 📊 New Candle: O:42199.27 H:42415.55 L:42198.20 C:42386.62
[2026-01-01 03:29:28] [INFO] 📊 New Candle: O:42199.27 H:42415.55 L:42198.20 C:42388.80
[2026-01-01 03:29:30] [INFO] 📊 New Candle: O:42199.27 H:42415.55 L:42198.20 C:42386.70
[2026-01-01 03:29:32] [INFO] 📊 New Candle: O:42199.27 H:42415.55 L:42198.20 C:42391.40
[2026-01-01 03:29:34] [INFO] 📊 New Candle: O:42199.27 H:42415.55 L:42198.20 C:42397.70
[2026-01-01 03:29:36] [INFO] 📊 New Candle: O:42199.27 H:42415.55 L:42198.20 C:42381.83
[2026-01-01 03:29:38] [INFO] 📊 New Candle: O:42199.27 H:42415.55 L:42198.20 C:42386.75
[2026-01-01 03:29:40] [INFO] 📊 New Candle: O:42199.27 H:42415.55 L:42198.20 C:42379.65
[2026-01-01 03:29:42] [INFO] 📊 New Candle: O:42199.27 H:42415.55 L:42198.20 C:42380.32
[2026-01-01 03:29:44] [INFO] 📊 New Candle: O:42199.27 H:42415.55 L:42198.20 C:42370.93
[2026-01-01 03:29:46] [INFO] 📊 New Candle: O:42199.27 H:42415.55 L:42198.20 C:42372.77
[2026-01-01 03:29:48] [INFO] 📊 New Candle: O:42199.27 H:42415.55 L:42198.20 C:42371.10
[2026-01-01 03:29:50] [INFO] 📊 New Candle: O:42199.27 H:42415.55 L:42198.20 C:42361.87
[2026-01-01 03:29:52] [INFO] 📊 New Candle: O:42199.27 H:42415.55 L:42198.20 C:42352.90
[2026-01-01 03:29:54] [INFO] 📊 New Candle: O:42199.27 H:42415.55 L:42198.20 C:42353.52
[2026-01-01 03:29:56] [INFO] 📊 New Candle: O:42199.27 H:42415.55 L:42198.20 C:42358.11
[2026-01-01 03:29:58] [INFO] 📊 New Candle: O:42199.27 H:42415.55 L:42198.20 C:42364.03
[2026-01-01 03:30:00] [INFO] 📊 New Candle: O:42371.50 H:42371.50 L:42371.50 C:42371.50
[2026-01-01 03:30:02] [INFO] 📊 New Candle: O:42371.50 H:42372.28 L:42371.50 C:42372.28
[2026-01-01 03:30:02] [TRADE] 🎯 SHORT SIGNAL DETECTED {"signal":"SHORT","reason":"Downtrend + EMA alignment + Overbought + Pullback","confidence":"HIGH"}
[2026-01-01 03:30:02] [TRADE] 📝 Executing PUT trade...
[2026-01-01 03:30:02] [INFO] 📋 Proposal received {"id":"4fd8528b-7cc4-77dd-f52b-483d852522a0","payout":1.95,"ask_price":1}
[2026-01-01 03:30:03] [SUCCESS] Trade executed! {"contract_id":302904815568,"buy_price":1,"potential_payout":1.95}
[2026-01-01 03:30:04] [INFO] 📊 New Candle: O:42371.50 H:42382.82 L:42371.50 C:42382.82
[2026-01-01 03:30:06] [INFO] 📊 New Candle: O:42371.50 H:42382.82 L:42371.50 C:42377.09
[2026-01-01 03:30:08] [INFO] 📊 New Candle: O:42371.50 H:42387.80 L:42371.50 C:42387.80
[2026-01-01 03:30:10] [INFO] 📊 New Candle: O:42371.50 H:42391.03 L:42371.50 C:42391.03
[2026-01-01 03:30:12] [INFO] 📊 New Candle: O:42371.50 H:42398.22 L:42371.50 C:42398.22
[2026-01-01 03:30:14] [INFO] 📊 New Candle: O:42371.50 H:42398.27 L:42371.50 C:42398.27
[2026-01-01 03:30:16] [INFO] 📊 New Candle: O:42371.50 H:42402.75 L:42371.50 C:42402.75
[2026-01-01 03:30:18] [INFO] 📊 New Candle: O:42371.50 H:42402.75 L:42371.50 C:42391.88
[2026-01-01 03:30:20] [INFO] 📊 New Candle: O:42371.50 H:42402.75 L:42371.50 C:42394.33
[2026-01-01 03:30:22] [INFO] 📊 New Candle: O:42371.50 H:42402.75 L:42371.50 C:42396.80
[2026-01-01 03:30:24] [INFO] 📊 New Candle: O:42371.50 H:42407.74 L:42371.50 C:42407.74
[2026-01-01 03:30:26] [INFO] 📊 New Candle: O:42371.50 H:42407.74 L:42371.50 C:42405.48
[2026-01-01 03:30:28] [INFO] 📊 New Candle: O:42371.50 H:42414.17 L:42371.50 C:42414.17
[2026-01-01 03:30:30] [INFO] 📊 New Candle: O:42371.50 H:42414.17 L:42371.50 C:42406.53
[2026-01-01 03:30:32] [INFO] 📊 New Candle: O:42371.50 H:42414.17 L:42371.50 C:42413.94
[2026-01-01 03:30:34] [INFO] 📊 New Candle: O:42371.50 H:42414.17 L:42371.50 C:42397.72
[2026-01-01 03:30:36] [INFO] 📊 New Candle: O:42371.50 H:42414.57 L:42371.50 C:42414.57
[2026-01-01 03:30:38] [INFO] 📊 New Candle: O:42371.50 H:42414.57 L:42371.50 C:42412.08
[2026-01-01 03:30:40] [INFO] 📊 New Candle: O:42371.50 H:42415.86 L:42371.50 C:42415.86
[2026-01-01 03:30:42] [INFO] 📊 New Candle: O:42371.50 H:42415.86 L:42371.50 C:42413.44
[2026-01-01 03:30:44] [INFO] 📊 New Candle: O:42371.50 H:42415.86 L:42371.50 C:42407.70
[2026-01-01 03:30:46] [INFO] 📊 New Candle: O:42371.50 H:42417.09 L:42371.50 C:42417.09
[2026-01-01 03:30:48] [INFO] 📊 New Candle: O:42371.50 H:42418.45 L:42371.50 C:42418.45
[2026-01-01 03:30:50] [INFO] 📊 New Candle: O:42371.50 H:42418.45 L:42371.50 C:42410.04
[2026-01-01 03:30:52] [INFO] 📊 New Candle: O:42371.50 H:42418.45 L:42371.50 C:42416.90
[2026-01-01 03:30:54] [INFO] 📊 New Candle: O:42371.50 H:42418.45 L:42371.50 C:42415.23
[2026-01-01 03:30:56] [INFO] 📊 New Candle: O:42371.50 H:42418.45 L:42371.50 C:42408.62
[2026-01-01 03:30:58] [INFO] 📊 New Candle: O:42371.50 H:42418.45 L:42371.50 C:42396.36
[2026-01-01 03:31:00] [INFO] 📊 New Candle: O:42371.50 H:42418.45 L:42371.50 C:42403.87
[2026-01-01 03:31:02] [INFO] 📊 New Candle: O:42371.50 H:42418.45 L:42371.50 C:42410.07
[2026-01-01 03:31:04] [INFO] 📊 New Candle: O:42371.50 H:42418.45 L:42371.50 C:42417.26
[2026-01-01 03:31:06] [INFO] 📊 New Candle: O:42371.50 H:42418.45 L:42371.50 C:42411.42
[2026-01-01 03:31:08] [INFO] 📊 New Candle: O:42371.50 H:42418.45 L:42371.50 C:42413.86
[2026-01-01 03:31:10] [INFO] 📊 New Candle: O:42371.50 H:42418.45 L:42371.50 C:42401.16
[2026-01-01 03:31:12] [INFO] 📊 New Candle: O:42371.50 H:42418.45 L:42371.50 C:42385.54
[2026-01-01 03:31:14] [INFO] 📊 New Candle: O:42371.50 H:42418.45 L:42371.50 C:42386.70
[2026-01-01 03:31:16] [INFO] 📊 New Candle: O:42371.50 H:42418.45 L:42371.50 C:42386.72
[2026-01-01 03:31:18] [INFO] 📊 New Candle: O:42371.50 H:42418.45 L:42371.50 C:42383.30
[2026-01-01 03:31:20] [INFO] 📊 New Candle: O:42371.50 H:42418.45 L:42361.27 C:42361.27
[2026-01-01 03:31:22] [INFO] 📊 New Candle: O:42371.50 H:42418.45 L:42361.27 C:42369.25
[2026-01-01 03:31:24] [INFO] 📊 New Candle: O:42371.50 H:42418.45 L:42361.27 C:42372.51
[2026-01-01 03:31:26] [INFO] 📊 New Candle: O:42371.50 H:42418.45 L:42361.27 C:42376.15
[2026-01-01 03:31:28] [INFO] 📊 New Candle: O:42371.50 H:42418.45 L:42361.27 C:42369.45
[2026-01-01 03:31:30] [INFO] 📊 New Candle: O:42371.50 H:42418.45 L:42349.75 C:42349.75
[2026-01-01 03:31:32] [INFO] 📊 New Candle: O:42371.50 H:42418.45 L:42349.75 C:42351.31
[2026-01-01 03:31:34] [INFO] 📊 New Candle: O:42371.50 H:42418.45 L:42332.29 C:42332.29
[2026-01-01 03:31:36] [INFO] 📊 New Candle: O:42371.50 H:42418.45 L:42311.16 C:42311.16
[2026-01-01 03:31:38] [INFO] 📊 New Candle: O:42371.50 H:42418.45 L:42310.81 C:42310.81
[2026-01-01 03:31:40] [INFO] 📊 New Candle: O:42371.50 H:42418.45 L:42310.09 C:42310.09
[2026-01-01 03:31:42] [INFO] 📊 New Candle: O:42371.50 H:42418.45 L:42310.09 C:42316.24
[2026-01-01 03:31:44] [INFO] 📊 New Candle: O:42371.50 H:42418.45 L:42310.09 C:42328.10
[2026-01-01 03:31:46] [INFO] 📊 New Candle: O:42371.50 H:42418.45 L:42310.09 C:42320.53
[2026-01-01 03:31:48] [INFO] 📊 New Candle: O:42371.50 H:42418.45 L:42310.09 C:42329.52
[2026-01-01 03:31:50] [INFO] 📊 New Candle: O:42371.50 H:42418.45 L:42310.09 C:42332.32
[2026-01-01 03:31:52] [INFO] 📊 New Candle: O:42371.50 H:42418.45 L:42310.09 C:42330.09
[2026-01-01 03:31:54] [INFO] 📊 New Candle: O:42371.50 H:42418.45 L:42310.09 C:42330.52
[2026-01-01 03:31:56] [INFO] 📊 New Candle: O:42371.50 H:42418.45 L:42310.09 C:42334.71
[2026-01-01 03:31:58] [INFO] 📊 New Candle: O:42371.50 H:42418.45 L:42310.09 C:42341.05
[2026-01-01 03:32:00] [INFO] 📊 New Candle: O:42371.50 H:42418.45 L:42310.09 C:42335.66
[2026-01-01 03:32:02] [INFO] 📊 New Candle: O:42371.50 H:42418.45 L:42310.09 C:42341.10
[2026-01-01 03:32:04] [INFO] 📊 New Candle: O:42371.50 H:42418.45 L:42310.09 C:42338.61
[2026-01-01 03:32:06] [INFO] 📊 New Candle: O:42371.50 H:42418.45 L:42310.09 C:42321.73
[2026-01-01 03:32:08] [INFO] 📊 New Candle: O:42371.50 H:42418.45 L:42310.09 C:42322.03
[2026-01-01 03:32:10] [INFO] 📊 New Candle: O:42371.50 H:42418.45 L:42310.09 C:42333.80
[2026-01-01 03:32:12] [INFO] 📊 New Candle: O:42371.50 H:42418.45 L:42310.09 C:42335.82
[2026-01-01 03:32:14] [INFO] 📊 New Candle: O:42371.50 H:42418.45 L:42310.09 C:42351.83
[2026-01-01 03:32:16] [INFO] 📊 New Candle: O:42371.50 H:42418.45 L:42310.09 C:42355.94
[2026-01-01 03:32:18] [INFO] 📊 New Candle: O:42371.50 H:42418.45 L:42310.09 C:42347.89
[2026-01-01 03:32:20] [INFO] 📊 New Candle: O:42371.50 H:42418.45 L:42310.09 C:42347.36
[2026-01-01 03:32:22] [INFO] 📊 New Candle: O:42371.50 H:42418.45 L:42310.09 C:42338.58
[2026-01-01 03:32:24] [INFO] 📊 New Candle: O:42371.50 H:42418.45 L:42310.09 C:42346.88
[2026-01-01 03:32:26] [INFO] 📊 New Candle: O:42371.50 H:42418.45 L:42310.09 C:42344.30
[2026-01-01 03:32:28] [INFO] 📊 New Candle: O:42371.50 H:42418.45 L:42310.09 C:42332.02
[2026-01-01 03:32:30] [INFO] 📊 New Candle: O:42371.50 H:42418.45 L:42310.09 C:42330.42
[2026-01-01 03:32:32] [INFO] 📊 New Candle: O:42371.50 H:42418.45 L:42310.09 C:42336.39
[2026-01-01 03:32:34] [INFO] 📊 New Candle: O:42371.50 H:42418.45 L:42310.09 C:42332.95
[2026-01-01 03:32:36] [INFO] 📊 New Candle: O:42371.50 H:42418.45 L:42310.09 C:42329.13
[2026-01-01 03:32:38] [INFO] 📊 New Candle: O:42371.50 H:42418.45 L:42310.09 C:42339.70
[2026-01-01 03:32:40] [INFO] 📊 New Candle: O:42371.50 H:42418.45 L:42310.09 C:42343.26
[2026-01-01 03:32:42] [INFO] 📊 New Candle: O:42371.50 H:42418.45 L:42310.09 C:42331.46
[2026-01-01 03:32:44] [INFO] 📊 New Candle: O:42371.50 H:42418.45 L:42310.09 C:42328.11
[2026-01-01 03:32:46] [INFO] 📊 New Candle: O:42371.50 H:42418.45 L:42305.50 C:42305.50
[2026-01-01 03:32:48] [INFO] 📊 New Candle: O:42371.50 H:42418.45 L:42305.50 C:42306.88
[2026-01-01 03:32:50] [INFO] 📊 New Candle: O:42371.50 H:42418.45 L:42290.00 C:42290.00
[2026-01-01 03:32:52] [INFO] 📊 New Candle: O:42371.50 H:42418.45 L:42290.00 C:42293.61
[2026-01-01 03:32:54] [INFO] 📊 New Candle: O:42371.50 H:42418.45 L:42281.71 C:42281.71
[2026-01-01 03:32:56] [INFO] 📊 New Candle: O:42371.50 H:42418.45 L:42279.75 C:42279.75
[2026-01-01 03:32:58] [INFO] 📊 New Candle: O:42371.50 H:42418.45 L:42270.18 C:42270.18
[2026-01-01 03:33:00] [INFO] 📊 New Candle: O:42371.50 H:42418.45 L:42270.18 C:42281.21
[2026-01-01 03:33:02] [INFO] 📊 New Candle: O:42371.50 H:42418.45 L:42270.18 C:42276.69
[2026-01-01 03:33:04] [INFO] 📊 New Candle: O:42371.50 H:42418.45 L:42270.18 C:42271.04
[2026-01-01 03:33:06] [INFO] 📊 New Candle: O:42371.50 H:42418.45 L:42265.75 C:42265.75
[2026-01-01 03:33:08] [INFO] 📊 New Candle: O:42371.50 H:42418.45 L:42262.33 C:42262.33
[2026-01-01 03:33:10] [INFO] 📊 New Candle: O:42371.50 H:42418.45 L:42262.33 C:42269.70
[2026-01-01 03:33:12] [INFO] 📊 New Candle: O:42371.50 H:42418.45 L:42262.33 C:42264.03
[2026-01-01 03:33:14] [INFO] 📊 New Candle: O:42371.50 H:42418.45 L:42261.09 C:42261.09
[2026-01-01 03:33:16] [INFO] 📊 New Candle: O:42371.50 H:42418.45 L:42251.14 C:42251.14
[2026-01-01 03:33:18] [INFO] 📊 New Candle: O:42371.50 H:42418.45 L:42241.61 C:42241.61
[2026-01-01 03:33:20] [INFO] 📊 New Candle: O:42371.50 H:42418.45 L:42241.61 C:42244.11
[2026-01-01 03:33:22] [INFO] 📊 New Candle: O:42371.50 H:42418.45 L:42241.61 C:42245.81
[2026-01-01 03:33:24] [INFO] 📊 New Candle: O:42371.50 H:42418.45 L:42241.61 C:42250.32
[2026-01-01 03:33:26] [INFO] 📊 New Candle: O:42371.50 H:42418.45 L:42235.85 C:42235.85
[2026-01-01 03:33:28] [INFO] 📊 New Candle: O:42371.50 H:42418.45 L:42235.85 C:42238.94
[2026-01-01 03:33:30] [INFO] 📊 New Candle: O:42371.50 H:42418.45 L:42228.24 C:42228.24
[2026-01-01 03:33:32] [INFO] 📊 New Candle: O:42371.50 H:42418.45 L:42228.24 C:42243.28
[2026-01-01 03:33:34] [INFO] 📊 New Candle: O:42371.50 H:42418.45 L:42228.24 C:42235.62
[2026-01-01 03:33:36] [INFO] 📊 New Candle: O:42371.50 H:42418.45 L:42228.24 C:42229.18
[2026-01-01 03:33:38] [INFO] 📊 New Candle: O:42371.50 H:42418.45 L:42226.70 C:42226.70
[2026-01-01 03:33:40] [INFO] 📊 New Candle: O:42371.50 H:42418.45 L:42226.70 C:42235.23
[2026-01-01 03:33:42] [INFO] 📊 New Candle: O:42371.50 H:42418.45 L:42226.70 C:42237.93
[2026-01-01 03:33:44] [INFO] 📊 New Candle: O:42371.50 H:42418.45 L:42226.70 C:42233.34
[2026-01-01 03:33:46] [INFO] 📊 New Candle: O:42371.50 H:42418.45 L:42226.70 C:42233.20
[2026-01-01 03:33:48] [INFO] 📊 New Candle: O:42371.50 H:42418.45 L:42226.70 C:42232.52
[2026-01-01 03:33:50] [INFO] 📊 New Candle: O:42371.50 H:42418.45 L:42226.70 C:42230.47
[2026-01-01 03:33:52] [INFO] 📊 New Candle: O:42371.50 H:42418.45 L:42226.70 C:42227.85
[2026-01-01 03:33:54] [INFO] 📊 New Candle: O:42371.50 H:42418.45 L:42220.57 C:42220.57
[2026-01-01 03:33:56] [INFO] 📊 New Candle: O:42371.50 H:42418.45 L:42220.57 C:42223.84
[2026-01-01 03:33:58] [INFO] 📊 New Candle: O:42371.50 H:42418.45 L:42209.45 C:42209.45
[2026-01-01 03:34:00] [INFO] 📊 New Candle: O:42371.50 H:42418.45 L:42196.64 C:42196.64
[2026-01-01 03:34:02] [INFO] 📊 New Candle: O:42371.50 H:42418.45 L:42187.31 C:42187.31
[2026-01-01 03:34:04] [INFO] 📊 New Candle: O:42371.50 H:42418.45 L:42180.48 C:42180.48
[2026-01-01 03:34:06] [INFO] 📊 New Candle: O:42371.50 H:42418.45 L:42180.48 C:42183.33
[2026-01-01 03:34:08] [INFO] 📊 New Candle: O:42371.50 H:42418.45 L:42180.48 C:42195.98
[2026-01-01 03:34:10] [INFO] 📊 New Candle: O:42371.50 H:42418.45 L:42180.48 C:42200.26
[2026-01-01 03:34:12] [INFO] 📊 New Candle: O:42371.50 H:42418.45 L:42180.48 C:42200.38
[2026-01-01 03:34:14] [INFO] 📊 New Candle: O:42371.50 H:42418.45 L:42180.48 C:42195.62
[2026-01-01 03:34:16] [INFO] 📊 New Candle: O:42371.50 H:42418.45 L:42180.48 C:42188.62
[2026-01-01 03:34:18] [INFO] 📊 New Candle: O:42371.50 H:42418.45 L:42180.48 C:42184.14
[2026-01-01 03:34:20] [INFO] 📊 New Candle: O:42371.50 H:42418.45 L:42180.48 C:42188.07
[2026-01-01 03:34:22] [INFO] 📊 New Candle: O:42371.50 H:42418.45 L:42180.48 C:42193.33
[2026-01-01 03:34:24] [INFO] 📊 New Candle: O:42371.50 H:42418.45 L:42180.48 C:42198.25
[2026-01-01 03:34:26] [INFO] 📊 New Candle: O:42371.50 H:42418.45 L:42180.48 C:42197.98
[2026-01-01 03:34:28] [INFO] 📊 New Candle: O:42371.50 H:42418.45 L:42180.48 C:42194.24
[2026-01-01 03:34:30] [INFO] 📊 New Candle: O:42371.50 H:42418.45 L:42180.48 C:42184.17
[2026-01-01 03:34:32] [INFO] 📊 New Candle: O:42371.50 H:42418.45 L:42180.48 C:42186.48
[2026-01-01 03:34:34] [INFO] 📊 New Candle: O:42371.50 H:42418.45 L:42180.48 C:42190.71
[2026-01-01 03:34:36] [INFO] 📊 New Candle: O:42371.50 H:42418.45 L:42180.48 C:42196.90
[2026-01-01 03:34:38] [INFO] 📊 New Candle: O:42371.50 H:42418.45 L:42180.48 C:42196.94
[2026-01-01 03:34:40] [INFO] 📊 New Candle: O:42371.50 H:42418.45 L:42180.48 C:42190.59
[2026-01-01 03:34:42] [INFO] 📊 New Candle: O:42371.50 H:42418.45 L:42180.48 C:42201.14
[2026-01-01 03:34:44] [INFO] 📊 New Candle: O:42371.50 H:42418.45 L:42180.48 C:42210.74
[2026-01-01 03:34:46] [INFO] 📊 New Candle: O:42371.50 H:42418.45 L:42180.48 C:42203.64
[2026-01-01 03:34:48] [INFO] 📊 New Candle: O:42371.50 H:42418.45 L:42180.48 C:42214.11
[2026-01-01 03:34:50] [INFO] 📊 New Candle: O:42371.50 H:42418.45 L:42180.48 C:42206.59
[2026-01-01 03:34:52] [INFO] 📊 New Candle: O:42371.50 H:42418.45 L:42180.48 C:42212.01
[2026-01-01 03:34:54] [INFO] 📊 New Candle: O:42371.50 H:42418.45 L:42180.48 C:42216.19
[2026-01-01 03:34:56] [INFO] 📊 New Candle: O:42371.50 H:42418.45 L:42180.48 C:42226.29
[2026-01-01 03:34:58] [INFO] 📊 New Candle: O:42371.50 H:42418.45 L:42180.48 C:42218.62
[2026-01-01 03:35:00] [INFO] 📊 New Candle: O:42206.94 H:42206.94 L:42206.94 C:42206.94
[2026-01-01 03:35:02] [INFO] 📊 New Candle: O:42206.94 H:42208.05 L:42206.94 C:42208.05
[2026-01-01 03:35:04] [INFO] 📊 New Candle: O:42206.94 H:42209.42 L:42206.94 C:42209.42
[2026-01-01 03:35:06] [INFO] 📊 New Candle: O:42206.94 H:42210.76 L:42206.94 C:42210.76
[2026-01-01 03:35:06] [SUCCESS] 🎉 Trade WON! Profit: +$0.95
[2026-01-01 03:35:08] [INFO] 📊 New Candle: O:42206.94 H:42212.44 L:42206.94 C:42212.44
[2026-01-01 03:35:10] [INFO] 📊 New Candle: O:42206.94 H:42219.99 L:42206.94 C:42219.99
[2026-01-01 03:35:12] [INFO] 📊 New Candle: O:42206.94 H:42219.99 L:42206.94 C:42212.70
[2026-01-01 03:35:14] [INFO] 📊 New Candle: O:42206.94 H:42219.99 L:42204.36 C:42204.36
[2026-01-01 03:35:16] [INFO] 📊 New Candle: O:42206.94 H:42219.99 L:42195.81 C:42195.81
[2026-01-01 03:35:18] [INFO] 📊 New Candle: O:42206.94 H:42219.99 L:42195.06 C:42195.06
[2026-01-01 03:35:20] [INFO] 📊 New Candle: O:42206.94 H:42219.99 L:42187.15 C:42187.15
[2026-01-01 03:35:22] [INFO] 📊 New Candle: O:42206.94 H:42219.99 L:42184.65 C:42184.65
[2026-01-01 03:35:24] [INFO] 📊 New Candle: O:42206.94 H:42219.99 L:42184.65 C:42192.02
[2026-01-01 03:35:26] [INFO] 📊 New Candle: O:42206.94 H:42219.99 L:42181.13 C:42181.13
[2026-01-01 03:35:28] [INFO] 📊 New Candle: O:42206.94 H:42219.99 L:42177.79 C:42177.79
[2026-01-01 03:35:30] [INFO] 📊 New Candle: O:42206.94 H:42219.99 L:42176.18 C:42176.18
[2026-01-01 03:35:32] [INFO] 📊 New Candle: O:42206.94 H:42219.99 L:42176.18 C:42178.47
[2026-01-01 03:35:34] [INFO] 📊 New Candle: O:42206.94 H:42219.99 L:42176.18 C:42182.78
[2026-01-01 03:35:36] [INFO] 📊 New Candle: O:42206.94 H:42219.99 L:42176.18 C:42182.56
[2026-01-01 03:35:38] [INFO] 📊 New Candle: O:42206.94 H:42219.99 L:42174.77 C:42174.77
[2026-01-01 03:35:40] [INFO] 📊 New Candle: O:42206.94 H:42219.99 L:42174.77 C:42183.32
[2026-01-01 03:35:42] [INFO] 📊 New Candle: O:42206.94 H:42219.99 L:42174.77 C:42189.04
[2026-01-01 03:35:44] [INFO] 📊 New Candle: O:42206.94 H:42219.99 L:42174.77 C:42200.19
[2026-01-01 03:35:46] [INFO] 📊 New Candle: O:42206.94 H:42219.99 L:42174.77 C:42190.23
[2026-01-01 03:35:48] [INFO] 📊 New Candle: O:42206.94 H:42219.99 L:42174.77 C:42192.31
[2026-01-01 03:35:50] [INFO] 📊 New Candle: O:42206.94 H:42219.99 L:42174.33 C:42174.33
[2026-01-01 03:35:52] [INFO] 📊 New Candle: O:42206.94 H:42219.99 L:42174.33 C:42183.06
[2026-01-01 03:35:54] [INFO] 📊 New Candle: O:42206.94 H:42219.99 L:42166.43 C:42166.43
[2026-01-01 03:35:56] [INFO] 📊 New Candle: O:42206.94 H:42219.99 L:42158.18 C:42158.18
[2026-01-01 03:35:58] [INFO] 📊 New Candle: O:42206.94 H:42219.99 L:42158.18 C:42163.91
[2026-01-01 03:36:00] [INFO] 📊 New Candle: O:42206.94 H:42219.99 L:42155.16 C:42155.16
[2026-01-01 03:36:02] [INFO] 📊 New Candle: O:42206.94 H:42219.99 L:42149.21 C:42149.21
[2026-01-01 03:36:04] [INFO] 📊 New Candle: O:42206.94 H:42219.99 L:42149.21 C:42154.55
[2026-01-01 03:36:06] [INFO] 📊 New Candle: O:42206.94 H:42219.99 L:42145.89 C:42145.89
[2026-01-01 03:36:08] [INFO] 📊 New Candle: O:42206.94 H:42219.99 L:42143.81 C:42143.81
[2026-01-01 03:36:10] [INFO] 📊 New Candle: O:42206.94 H:42219.99 L:42143.81 C:42153.04
[2026-01-01 03:36:12] [INFO] 📊 New Candle: O:42206.94 H:42219.99 L:42143.81 C:42144.47
[2026-01-01 03:36:14] [INFO] 📊 New Candle: O:42206.94 H:42219.99 L:42143.81 C:42151.55
[2026-01-01 03:36:16] [INFO] 📊 New Candle: O:42206.94 H:42219.99 L:42143.81 C:42154.92
[2026-01-01 03:36:18] [INFO] 📊 New Candle: O:42206.94 H:42219.99 L:42143.81 C:42157.32
[2026-01-01 03:36:20] [INFO] 📊 New Candle: O:42206.94 H:42219.99 L:42143.81 C:42152.64
[2026-01-01 03:36:22] [INFO] 📊 New Candle: O:42206.94 H:42219.99 L:42143.63 C:42143.63
[2026-01-01 03:36:26] [INFO] 📊 New Candle: O:42206.94 H:42219.99 L:42143.63 C:42152.44
[2026-01-01 03:36:32] [INFO] 📊 New Candle: O:42206.94 H:42219.99 L:42143.63 C:42155.88
[2026-01-01 03:36:32] [INFO] 📊 New Candle: O:42206.94 H:42219.99 L:42143.63 C:42145.28
[2026-01-01 03:36:32] [INFO] 📊 New Candle: O:42206.94 H:42219.99 L:42143.63 C:42152.05
[2026-01-01 03:36:35] [INFO] 📊 New Candle: O:42206.94 H:42219.99 L:42143.63 C:42149.25
[2026-01-01 03:36:36] [INFO] 📊 New Candle: O:42206.94 H:42219.99 L:42143.63 C:42148.07
[2026-01-01 03:36:39] [INFO] 📊 New Candle: O:42206.94 H:42219.99 L:42143.63 C:42151.63
[2026-01-01 03:36:40] [INFO] 📊 New Candle: O:42206.94 H:42219.99 L:42143.63 C:42155.19
[2026-01-01 03:36:40] [INFO] 📊 New Candle: O:42206.94 H:42219.99 L:42143.63 C:42152.89
[2026-01-01 03:36:42] [INFO] 📊 New Candle: O:42206.94 H:42219.99 L:42143.63 C:42151.09
[2026-01-01 03:36:46] [INFO] 📊 New Candle: O:42206.94 H:42219.99 L:42143.63 C:42159.34
[2026-01-01 03:36:46] [INFO] 📊 New Candle: O:42206.94 H:42219.99 L:42143.63 C:42159.97
[2026-01-01 03:36:48] [INFO] 📊 New Candle: O:42206.94 H:42219.99 L:42143.63 C:42153.34
[2026-01-01 03:36:50] [INFO] 📊 New Candle: O:42206.94 H:42219.99 L:42142.11 C:42142.11
[2026-01-01 03:36:52] [INFO] 📊 New Candle: O:42206.94 H:42219.99 L:42142.11 C:42151.15
[2026-01-01 03:36:54] [INFO] 📊 New Candle: O:42206.94 H:42219.99 L:42142.11 C:42146.81
[2026-01-01 03:36:58] [INFO] 📊 New Candle: O:42206.94 H:42219.99 L:42142.11 C:42143.45
[2026-01-01 03:36:58] [INFO] 📊 New Candle: O:42206.94 H:42219.99 L:42139.79 C:42139.79
[2026-01-01 03:37:00] [INFO] 📊 New Candle: O:42206.94 H:42219.99 L:42122.81 C:42122.81
[2026-01-01 03:37:02] [INFO] 📊 New Candle: O:42206.94 H:42219.99 L:42122.81 C:42129.84
[2026-01-01 03:37:04] [INFO] 📊 New Candle: O:42206.94 H:42219.99 L:42122.81 C:42135.32
[2026-01-01 03:37:06] [INFO] 📊 New Candle: O:42206.94 H:42219.99 L:42122.81 C:42137.61
[2026-01-01 03:37:08] [INFO] 📊 New Candle: O:42206.94 H:42219.99 L:42122.81 C:42159.64
[2026-01-01 03:37:10] [INFO] 📊 New Candle: O:42206.94 H:42219.99 L:42122.81 C:42161.33
[2026-01-01 03:37:12] [INFO] 📊 New Candle: O:42206.94 H:42219.99 L:42122.81 C:42147.48
[2026-01-01 03:37:14] [INFO] 📊 New Candle: O:42206.94 H:42219.99 L:42122.81 C:42144.65
[2026-01-01 03:37:16] [INFO] 📊 New Candle: O:42206.94 H:42219.99 L:42122.81 C:42143.74
[2026-01-01 03:37:18] [INFO] 📊 New Candle: O:42206.94 H:42219.99 L:42122.81 C:42136.54
[2026-01-01 03:37:20] [INFO] 📊 New Candle: O:42206.94 H:42219.99 L:42122.81 C:42137.41
[2026-01-01 03:37:22] [INFO] 📊 New Candle: O:42206.94 H:42219.99 L:42122.81 C:42148.84
[2026-01-01 03:37:24] [INFO] 📊 New Candle: O:42206.94 H:42219.99 L:42122.81 C:42143.72
[2026-01-01 03:37:26] [INFO] 📊 New Candle: O:42206.94 H:42219.99 L:42122.81 C:42143.92
[2026-01-01 03:37:28] [INFO] 📊 New Candle: O:42206.94 H:42219.99 L:42122.81 C:42157.74
[2026-01-01 03:37:30] [INFO] 📊 New Candle: O:42206.94 H:42219.99 L:42122.81 C:42159.72
[2026-01-01 03:37:32] [INFO] 📊 New Candle: O:42206.94 H:42219.99 L:42122.81 C:42163.93
[2026-01-01 03:37:34] [INFO] 📊 New Candle: O:42206.94 H:42219.99 L:42122.81 C:42174.62
[2026-01-01 03:37:36] [INFO] 📊 New Candle: O:42206.94 H:42219.99 L:42122.81 C:42174.14
[2026-01-01 03:37:38] [INFO] 📊 New Candle: O:42206.94 H:42219.99 L:42122.81 C:42169.87
[2026-01-01 03:37:40] [INFO] 📊 New Candle: O:42206.94 H:42219.99 L:42122.81 C:42171.68
[2026-01-01 03:37:42] [INFO] 📊 New Candle: O:42206.94 H:42219.99 L:42122.81 C:42166.86
[2026-01-01 03:37:44] [INFO] 📊 New Candle: O:42206.94 H:42219.99 L:42122.81 C:42163.71
[2026-01-01 03:37:46] [INFO] 📊 New Candle: O:42206.94 H:42219.99 L:42122.81 C:42179.88
[2026-01-01 03:37:48] [INFO] 📊 New Candle: O:42206.94 H:42219.99 L:42122.81 C:42186.42
[2026-01-01 03:37:50] [INFO] 📊 New Candle: O:42206.94 H:42219.99 L:42122.81 C:42174.68
[2026-01-01 03:37:52] [INFO] 📊 New Candle: O:42206.94 H:42219.99 L:42122.81 C:42174.48
[2026-01-01 03:37:56] [INFO] 📊 New Candle: O:42206.94 H:42219.99 L:42122.81 C:42170.79
[2026-01-01 03:37:56] [INFO] 📊 New Candle: O:42206.94 H:42219.99 L:42122.81 C:42182.01
[2026-01-01 03:37:58] [INFO] 📊 New Candle: O:42206.94 H:42219.99 L:42122.81 C:42182.76
[2026-01-01 03:38:00] [INFO] 📊 New Candle: O:42206.94 H:42219.99 L:42122.81 C:42181.17
[2026-01-01 03:38:02] [INFO] 📊 New Candle: O:42206.94 H:42219.99 L:42122.81 C:42193.55
[2026-01-01 03:38:04] [INFO] 📊 New Candle: O:42206.94 H:42219.99 L:42122.81 C:42196.27
[2026-01-01 03:38:06] [INFO] 📊 New Candle: O:42206.94 H:42219.99 L:42122.81 C:42201.91
[2026-01-01 03:38:08] [INFO] 📊 New Candle: O:42206.94 H:42219.99 L:42122.81 C:42204.01
[2026-01-01 03:38:10] [INFO] 📊 New Candle: O:42206.94 H:42219.99 L:42122.81 C:42204.66
[2026-01-01 03:38:12] [INFO] 📊 New Candle: O:42206.94 H:42219.99 L:42122.81 C:42214.62
[2026-01-01 03:38:14] [INFO] 📊 New Candle: O:42206.94 H:42220.23 L:42122.81 C:42220.23
[2026-01-01 03:38:16] [INFO] 📊 New Candle: O:42206.94 H:42220.23 L:42122.81 C:42214.22
[2026-01-01 03:38:18] [INFO] 📊 New Candle: O:42206.94 H:42220.23 L:42122.81 C:42214.07
[2026-01-01 03:38:20] [INFO] 📊 New Candle: O:42206.94 H:42220.23 L:42122.81 C:42206.80
[2026-01-01 03:38:22] [INFO] 📊 New Candle: O:42206.94 H:42220.23 L:42122.81 C:42206.94
[2026-01-01 03:38:24] [INFO] 📊 New Candle: O:42206.94 H:42220.23 L:42122.81 C:42199.72
[2026-01-01 03:38:26] [INFO] 📊 New Candle: O:42206.94 H:42220.23 L:42122.81 C:42209.22
[2026-01-01 03:38:28] [INFO] 📊 New Candle: O:42206.94 H:42220.23 L:42122.81 C:42205.55
[2026-01-01 03:38:30] [INFO] 📊 New Candle: O:42206.94 H:42220.23 L:42122.81 C:42197.44
[2026-01-01 03:38:32] [INFO] 📊 New Candle: O:42206.94 H:42220.23 L:42122.81 C:42216.88
[2026-01-01 03:38:34] [INFO] 📊 New Candle: O:42206.94 H:42220.23 L:42122.81 C:42218.43
[2026-01-01 03:38:36] [INFO] 📊 New Candle: O:42206.94 H:42228.43 L:42122.81 C:42228.43
[2026-01-01 03:38:38] [INFO] 📊 New Candle: O:42206.94 H:42244.61 L:42122.81 C:42244.61
[2026-01-01 03:38:40] [INFO] 📊 New Candle: O:42206.94 H:42245.99 L:42122.81 C:42245.99
[2026-01-01 03:38:42] [INFO] 📊 New Candle: O:42206.94 H:42245.99 L:42122.81 C:42234.89
[2026-01-01 03:38:44] [INFO] 📊 New Candle: O:42206.94 H:42245.99 L:42122.81 C:42231.93
[2026-01-01 03:38:46] [INFO] 📊 New Candle: O:42206.94 H:42245.99 L:42122.81 C:42228.03
[2026-01-01 03:38:48] [INFO] 📊 New Candle: O:42206.94 H:42245.99 L:42122.81 C:42238.27
[2026-01-01 03:38:50] [INFO] 📊 New Candle: O:42206.94 H:42246.49 L:42122.81 C:42246.49
[2026-01-01 03:38:52] [INFO] 📊 New Candle: O:42206.94 H:42246.49 L:42122.81 C:42237.89
[2026-01-01 03:38:54] [INFO] 📊 New Candle: O:42206.94 H:42246.49 L:42122.81 C:42228.62
[2026-01-01 03:38:56] [INFO] 📊 New Candle: O:42206.94 H:42246.49 L:42122.81 C:42223.15
[2026-01-01 03:38:58] [INFO] 📊 New Candle: O:42206.94 H:42246.49 L:42122.81 C:42230.04
[2026-01-01 03:39:00] [INFO] 📊 New Candle: O:42206.94 H:42246.49 L:42122.81 C:42231.71
[2026-01-01 03:39:02] [INFO] 📊 New Candle: O:42206.94 H:42246.49 L:42122.81 C:42235.91
[2026-01-01 03:39:04] [INFO] 📊 New Candle: O:42206.94 H:42246.81 L:42122.81 C:42246.81
[2026-01-01 03:39:06] [INFO] 📊 New Candle: O:42206.94 H:42246.81 L:42122.81 C:42241.97
[2026-01-01 03:39:08] [INFO] 📊 New Candle: O:42206.94 H:42246.81 L:42122.81 C:42242.22
[2026-01-01 03:39:10] [INFO] 📊 New Candle: O:42206.94 H:42246.81 L:42122.81 C:42245.95
[2026-01-01 03:39:12] [INFO] 📊 New Candle: O:42206.94 H:42248.49 L:42122.81 C:42248.49
[2026-01-01 03:39:14] [INFO] 📊 New Candle: O:42206.94 H:42248.49 L:42122.81 C:42243.90
